Workbook

Sheet README
A1: NBA Player Stat Projections -- Portfolio Project
A2: Data analyst portfolio piece | Built in Excel (openpyxl + native pivot tables)
A4: Data Source
A5: "NBA Players stats since 1950" -- Kaggle dataset by drgilermo. https://www.kaggle.com/datasets/drgilermo/nba-players-stats
A6: Filtered to the 2008-2017 seasons (10 most recent complete seasons at time of original scrape) and deduplicated so traded players show one combined "TOT" row per season instead of one row per team. 4,669 player-season rows, 29 original columns retained.
A8: Why this dataset
A9: Real box-score and advanced-metric data (PER, TS%, Win Shares) at the player-season grain is clean enough for reliable formulas but rich enough to need genuine lookup, ranking, and projection logic -- a good fit for demonstrating intermediate Excel skills without forcing them.
A11: Technique Map
A12: Technique / Function | B12: Sheet | C12: Cell(s) | D12: Purpose
A13: LEFT + FIND + IFERROR | B13: Raw Data | C13: AE2 (col AE) | D13: Extracts primary position from combo listings like "SG-PF".
A14: Text concatenation (&) | B14: Raw Data | C14: AF2 (col AF) | D14: Builds a unique Player|Season composite key for lookups.
A15: SUMPRODUCT (conditional rank) | B15: Raw Data | C15: AG2 (col AG) | D15: Ranks each player's PTS within their own season; works around RANK()'s single-criterion limit.
A16: INDEX/MATCH (key cell) | B16: Player Lookup | C16: C9:C25 | D16: Pulls a full stat line for one typed Player + Season.
A17: INDEX/MATCH (inline key) | B17: Season Rankings | C17: C15:E19 | D17: Compares 5 featured players for whichever season is selected.
A18: COUNTIF | B18: Season Rankings | C18: D6 | D18: Counts players active in the selected season.
A19: AVERAGEIFS | B19: Season Rankings | C19: D7:D8 | D19: League-wide averages for the selected season.
A20: COUNTIFS | B20: Season Rankings | C20: D9 | D20: Two-condition count (season + PPG threshold).
A21: SUMIF | B21: Season Rankings | C21: D10 | D21: Single-condition sum of league points.
A22: MAXIFS | B22: Season Rankings | C22: D11 | D22: Highest scorer for the selected season.
A23: Conditional formatting (color scale + data bar) | B23: Season Rankings | C23: C15:D19 | D23: Visually flags best ranks and highest point totals.
... A29: Line Chart | B29: Player Projections | C29: below table | D29: Plots actual PPG trend plus the 2018 projection point.
A32: Tip: click any formula cell across this workbook -- cells with a small red corner marker have a comment explaining the technique used, in addition to this map.

Sheet Raw Data
A1: Season | B1: Player | C1: Pos | D1: Age | E1: Tm | F1: G | G1: GS | H1: MP | I1: FG | J1: FGA | K1: FG% | L1: 3P | M1: 3PA | N1: 3P% | O1: FT | P1: FTA | Q1: FT% | R1: ORB | S1: DRB | T1: TRB | U1: AST | V1: STL | W1: BLK | X1: TOV | Y1: PF | Z1: PTS | AA1: PER | AB1: TS% | AC1: WS | AD1: PPG | AE1: PrimaryPos | AF1: PlayerSeasonKey | AG1: SeasonRankPTS
A2: 2008 | B2: Aaron Brooks | C2: PG | D2: 23 | E2: HOU | F2: 51 | G2: 0 | H2: 608 | I2: 93 | J2: 225 | K2: 0.413 | L2: 36 | M2: 109 | N2: 0.33 | O2: 42 | P2: 49 | Q2: 0.857 | R2: 13 | S2: 43 | T2: 56 | U2: 87 | V2: 13 | W2: 5 | X2: 44 | Y2: 69 | Z2: 264 | AA2: 13.1 | AB2: 0.535 | AC2: 1.4 | AD2: =IF(F2=0,0,Z2/F2) -> 5.1764706 | AE2: =IFERROR(LEFT(C2,FIND("-",C2)-1),C2) -> PG | AF2: =B2&"|"&A2 -> Aaron Brooks|2008 | AG2: =SUMPRODUCT(($A$2:$A$4670=A2)*($Z$2:$Z$4670>Z2))+1 -> 272
A3: 2008 | B3: Aaron Gray | C3: C | D3: 23 | E3: CHI | F3: 61 | G3: 1 | H3: 613 | I3: 103 | J3: 204 | K3: 0.505 | L3: 0 | M3: 1 | N3: 0 | O3: 56 | P3: 99 | Q3: 0.566 | R3: 70 | S3: 98 | T3: 168 | U3: 41 | V3: 21 | W3: 16 | X3: 57 | Y3: 117 | Z3: 262 | AA3: 13.9 | AB3: 0.529 | AC3: 0.8 | AD3: =IF(F3=0,0,Z3/F3) -> 4.295082 | AE3: =IFERROR(LEFT(C3,FIND("-",C3)-1),C3) -> C | AF3: =B3&"|"&A3 -> Aaron Gray|2008 | AG3: =SUMPRODUCT(($A$2:$A$4670=A3)*($Z$2:$Z$4670>Z3))+1 -> 274
A4: 2008 | B4: Aaron Williams | C4: C | D4: 36 | E4: LAC | F4: 30 | G4: 5 | H4: 297 | I4: 27 | J4: 55 | K4: 0.491 | L4: 0 | M4: 0 | O4: 14 | P4: 18 | Q4: 0.778 | R4: 15 | S4: 46 | T4: 61 | U4: 9 | V4: 12 | W4: 15 | X4: 13 | Y4: 44 | Z4: 68 | AA4: 10.3 | AB4: 0.54 | AC4: 0.4 | AD4: =IF(F4=0,0,Z4/F4) -> 2.2666667 | AE4: =IFERROR(LEFT(C4,FIND("-",C4)-1),C4) -> C | AF4: =B4&"|"&A4 -> Aaron Williams|2008 | AG4: =SUMPRODUCT(($A$2:$A$4670=A4)*($Z$2:$Z$4670>Z4))+1 -> 370
A5: 2008 | B5: Acie Law | C5: PG | D5: 23 | E5: ATL | F5: 56 | G5: 6 | H5: 865 | I5: 95 | J5: 237 | K5: 0.401 | L5: 7 | M5: 34 | N5: 0.206 | O5: 38 | P5: 48 | Q5: 0.792 | R5: 12 | S5: 45 | T5: 57 | U5: 113 | V5: 29 | W5: 0 | X5: 56 | Y5: 73 | Z5: 235 | AA5: 7.7 | AB5: 0.455 | AC5: -0.1 | AD5: =IF(F5=0,0,Z5/F5) -> 4.1964286 | AE5: =IFERROR(LEFT(C5,FIND("-",C5)-1),C5) -> PG | AF5: =B5&"|"&A5 -> Acie Law|2008 | AG5: =SUMPRODUCT(($A$2:$A$4670=A5)*($Z$2:$Z$4670>Z5))+1 -> 284
A6: 2008 | B6: Adonal Foyle | C6: C | D6: 32 | E6: ORL | F6: 82 | G6: 0 | H6: 774 | I6: 70 | J6: 153 | K6: 0.458 | L6: 0 | M6: 0 | O6: 16 | P6: 34 | Q6: 0.471 | R6: 71 | S6: 137 | T6: 208 | U6: 18 | V6: 16 | W6: 45 | X6: 32 | Y6: 94 | Z6: 156 | AA6: 9.9 | AB6: 0.464 | AC6: 1.3 | AD6: =IF(F6=0,0,Z6/F6) -> 1.902439 | AE6: =IFERROR(LEFT(C6,FIND("-",C6)-1),C6) -> C | AF6: =B6&"|"&A6 -> Adonal Foyle|2008 | AG6: =SUMPRODUCT(($A$2:$A$4670=A6)*($Z$2:$Z$4670>Z6))+1 -> 314
A7: 2008 | B7: Adrian Griffin | C7: SG-SF | D7: 33 | E7: TOT | F7: 35 | G7: 2 | H7: 307 | I7: 30 | J7: 76 | K7: 0.395 | L7: 0 | M7: 0 | O7: 5 | P7: 9 | Q7: 0.556 | R7: 28 | S7: 31 | T7: 59 | U7: 27 | V7: 17 | W7: 2 | X7: 21 | Y7: 27 | Z7: 65 | AA7: 8.7 | AB7: 0.406 | AC7: 0 | AD7: =IF(F7=0,0,Z7/F7) -> 1.8571429 | AE7: =IFERROR(LEFT(C7,FIND("-",C7)-1),C7) -> SG | AF7: =B7&"|"&A7 -> Adrian Griffin|2008 | AG7: =SUMPRODUCT(($A$2:$A$4670=A7)*($Z$2:$Z$4670>Z7))+1 -> 372
A8: 2008 | B8: Al Harrington | C8: C | D8: 27 | E8: GSW | F8: 81 | G8: 59 | H8: 2190 | I8: 401 | J8: 923 | K8: 0.434 | L8: 153 | M8: 408 | N8: 0.375 | O8: 147 | P8: 190 | Q8: 0.774 | R8: 107 | S8: 332 | T8: 439 | U8: 132 | V8: 74 | W8: 16 | X8: 90 | Y8: 266 | Z8: 1102 | AA8: 15.6 | AB8: 0.547 | AC8: 5.4 | AD8: =IF(F8=0,0,Z8/F8) -> 13.604938 | AE8: =IFERROR(LEFT(C8,FIND("-",C8)-1),C8) -> C | AF8: =B8&"|"&A8 -> Al Harrington|2008 | AG8: =SUMPRODUCT(($A$2:$A$4670=A8)*($Z$2:$Z$4670>Z8))+1 -> 67
A9: 2008 | B9: Al Horford | C9: C | D9: 21 | E9: ATL | F9: 81 | G9: 77 | H9: 2540 | I9: 333 | J9: 668 | K9: 0.499 | L9: 0 | M9: 5 | N9: 0 | O9: 155 | P9: 212 | Q9: 0.731 | R9: 248 | S9: 537 | T9: 785 | U9: 124 | V9: 60 | W9: 76 | X9: 137 | Y9: 267 | Z9: 821 | AA9: 14.7 | AB9: 0.539 | AC9: 5.5 | AD9: =IF(F9=0,0,Z9/F9) -> 10.135802 | AE9: =IFERROR(LEFT(C9,FIND("-",C9)-1),C9) -> C | AF9: =B9&"|"&A9 -> Al Horford|2008 | AG9: =SUMPRODUCT(($A$2:$A$4670=A9)*($Z$2:$Z$4670>Z9))+1 -> 120
A10: 2008 | B10: Al Jefferson | C10: C | D10: 23 | E10: MIN | F10: 82 | G10: 82 | H10: 2919 | I10: 721 | J10: 1441 | K10: 0.5 | L10: 0 | M10: 5 | N10: 0 | O10: 284 | P10: 394 | Q10: 0.721 | R10: 308 | S10: 603 | T10: 911 | U10: 117 | V10: 74 | W10: 119 | X10: 167 | Y10: 222 | Z10: 1726 | AA10: 22.7 | AB10: 0.535 | AC10: 7.7 | AD10: =IF(F10=0,0,Z10/F10) -> 21.04878 | AE10: =IFERROR(LEFT(C10,FIND("-",C10)-1),C10) -> C | AF10: =B10&"|"&A10 -> Al Jefferson|2008 | AG10: =SUMPRODUCT(($A$2:$A$4670=A10)*($Z$2:$Z$4670>Z10))+1 -> 11
A11: 2008 | B11: Al Thornton | C11: PF | D11: 24 | E11: LAC | F11: 79 | G11: 31 | H11: 2158 | I11: 374 | J11: 871 | K11: 0.429 | L11: 43 | M11: 130 | N11: 0.331 | O11: 214 | P11: 288 | Q11: 0.743 | R11: 98 | S11: 260 | T11: 358 | U11: 98 | V11: 46 | W11: 43 | X11: 128 | Y11: 195 | Z11: 1005 | AA11: 12.7 | AB11: 0.504 | AC11: 1.1 | AD11: =IF(F11=0,0,Z11/F11) -> 12.721519 | AE11: =IFERROR(LEFT(C11,FIND("-",C11)-1),C11) -> PF | AF11: =B11&"|"&A11 -> Al Thornton|2008 | AG11: =SUMPRODUCT(($A$2:$A$4670=A11)*($Z$2:$Z$4670>Z11))+1 -> 78
A12: 2008 | B12: Alando Tucker | C12: SF | D12: 23 | E12: PHO | F12: 6 | G12: 0 | H12: 48 | I12: 8 | J12: 22 | K12: 0.364 | L12: 1 | M12: 4 | N12: 0.25 | O12: 5 | P12: 6 | Q12: 0.833 | R12: 4 | S12: 4 | T12: 8 | U12: 0 | V12: 0 | W12: 1 | X12: 0 | Y12: 2 | Z12: 22 | AA12: 11.8 | AB12: 0.446 | AC12: 0 | AD12: =IF(F12=0,0,Z12/F12) -> 3.6666667 | AE12: =IFERROR(LEFT(C12,FIND("-",C12)-1),C12) -> SF | AF12: =B12&"|"&A12 -> Alando Tucker|2008 | AG12: =SUMPRODUCT(($A$2:$A$4670=A12)*($Z$2:$Z$4670>Z12))+1 -> 414
A13: 2008 | B13: Alexander Johnson | C13: PF | D13: 24 | E13: MIA | F13: 43 | G13: 6 | H13: 549 | I13: 61 | J13: 125 | K13: 0.488 | L13: 0 | M13: 0 | O13: 57 | P13: 83 | Q13: 0.687 | R13: 32 | S13: 62 | T13: 94 | U13: 13 | V13: 13 | W13: 10 | X13: 42 | Y13: 80 | Z13: 179 | AA13: 8.9 | AB13: 0.554 | AC13: 0.2 | AD13: =IF(F13=0,0,Z13/F13) -> 4.1627907 | AE13: =IFERROR(LEFT(C13,FIND("-",C13)-1),C13) -> PF | AF13: =B13&"|"&A13 -> Alexander Johnson|2008 | AG13: =SUMPRODUCT(($A$2:$A$4670=A13)*($Z$2:$Z$4670>Z13))+1 -> 303
A14: 2008 | B14: Allen Iverson* | C14: SG | D14: 32 | E14: DEN | F14: 82 | G14: 82 | H14: 3424 | I14: 712 | J14: 1556 | K14: 0.458 | L14: 95 | M14: 275 | N14: 0.345 | O14: 645 | P14: 797 | Q14: 0.809 | R14: 47 | S14: 196 | T14: 243 | U14: 586 | V14: 160 | W14: 12 | X14: 245 | Y14: 109 | Z14: 2164 | AA14: 20.9 | AB14: 0.567 | AC14: 11.6 | AD14: =IF(F14=0,0,Z14/F14) -> 26.390244 | AE14: =IFERROR(LEFT(C14,FIND("-",C14)-1),C14) -> SG | AF14: =B14&"|"&A14 -> Allen Iverson*|2008 | AG14: =SUMPRODUCT(($A$2:$A$4670=A14)*($Z$2:$Z$4670>Z14))+1 -> 3
A15: 2008 | B15: Alonzo Mourning* | C15: C | D15: 37 | E15: MIA | F15: 25 | G15: 0 | H15: 389 | I15: 52 | J15: 95 | K15: 0.547 | L15: 0 | M15: 0 | O15: 45 | P15: 76 | Q15: 0.592 | R15: 34 | S15: 59 | T15: 93 | U15: 7 | V15: 4 | W15: 42 | X15: 25 | Y15: 56 | Z15: 149 | AA15: 16.2 | AB15: 0.58 | AC15: 0.8 | AD15: =IF(F15=0,0,Z15/F15) -> 5.96 | AE15: =IFERROR(LEFT(C15,FIND("-",C15)-1),C15) -> C | AF15: =B15&"|"&A15 -> Alonzo Mourning*|2008 | AG15: =SUMPRODUCT(($A$2:$A$4670=A15)*($Z$2:$Z$4670>Z15))+1 -> 319
A16: 2008 | B16: Amar'e Stoudemire | C16: C | D16: 25 | E16: PHO | F16: 79 | G16: 79 | H16: 2677 | I16: 714 | J16: 1211 | K16: 0.59 | L16: 5 | M16: 31 | N16: 0.161 | O16: 556 | P16: 691 | Q16: 0.805 | R16: 178 | S16: 541 | T16: 719 | U16: 118 | V16: 64 | W16: 163 | X16: 174 | Y16: 294 | Z16: 1989 | AA16: 27.6 | AB16: 0.656 | AC16: 14.6 | AD16: =IF(F16=0,0,Z16/F16) -> 25.177215 | AE16: =IFERROR(LEFT(C16,FIND("-",C16)-1),C16) -> C | AF16: =B16&"|"&A16 -> Amar'e Stoudemire|2008 | AG16: =SUMPRODUCT(($A$2:$A$4670=A16)*($Z$2:$Z$4670>Z16))+1 -> 4
A17: 2008 | B17: Amir Johnson | C17: PF | D17: 20 | E17: DET | F17: 62 | G17: 0 | H17: 764 | I17: 92 | J17: 165 | K17: 0.558 | L17: 0 | M17: 0 | O17: 37 | P17: 55 | Q17: 0.673 | R17: 87 | S17: 148 | T17: 235 | U17: 29 | V17: 24 | W17: 82 | X17: 39 | Y17: 141 | Z17: 221 | AA17: 17.5 | AB17: 0.584 | AC17: 3 | AD17: =IF(F17=0,0,Z17/F17) -> 3.5645161 | AE17: =IFERROR(LEFT(C17,FIND("-",C17)-1),C17) -> PF | AF17: =B17&"|"&A17 -> Amir Johnson|2008 | AG17: =SUMPRODUCT(($A$2:$A$4670=A17)*($Z$2:$Z$4670>Z17))+1 -> 290
A18: 2008 | B18: Anderson Varejao | C18: C | D18: 25 | E18: CLE | F18: 48 | G18: 13 | H18: 1320 | I18: 136 | J18: 295 | K18: 0.461 | L18: 0 | M18: 2 | N18: 0 | O18: 49 | P18: 82 | Q18: 0.598 | R18: 134 | S18: 265 | T18: 399 | U18: 53 | V18: 37 | W18: 26 | X18: 59 | Y18: 134 | Z18: 321 | AA18: 12 | AB18: 0.485 | AC18: 2.4 | AD18: =IF(F18=0,0,Z18/F18) -> 6.6875 | AE18: =IFERROR(LEFT(C18,FIND("-",C18)-1),C18) -> C | AF18: =B18&"|"&A18 -> Anderson Varejao|2008 | AG18: =SUMPRODUCT(($A$2:$A$4670=A18)*($Z$2:$Z$4670>Z18))+1 -> 260
A19: 2008 | B19: Andray Blatche | C19: PF | D19: 21 | E19: WAS | F19: 82 | G19: 15 | H19: 1675 | I19: 254 | J19: 536 | K19: 0.474 | L19: 3 | M19: 13 | N19: 0.231 | O19: 107 | P19: 154 | Q19: 0.695 | R19: 164 | S19: 261 | T19: 425 | U19: 92 | V19: 53 | W19: 114 | X19: 112 | Y19: 258 | Z19: 618 | AA19: 15.5 | AB19: 0.512 | AC19: 3 | AD19: =IF(F19=0,0,Z19/F19) -> 7.5365854 | AE19: =IFERROR(LEFT(C19,FIND("-",C19)-1),C19) -> PF | AF19: =B19&"|"&A19 -> Andray Blatche|2008 | AG19: =SUMPRODUCT(($A$2:$A$4670=A19)*($Z$2:$Z$4670>Z19))+1 -> 161
A20: 2008 | B20: Andre Barrett | C20: PG | D20: 25 | E20: LAC | F20: 4 | G20: 0 | H20: 25 | I20: 2 | J20: 5 | K20: 0.4 | L20: 1 | M20: 3 | N20: 0.333 | O20: 1 | P20: 2 | Q20: 0.5 | R20: 0 | S20: 1 | T20: 1 | U20: 7 | V20: 0 | W20: 0 | X20: 1 | Y20: 1 | Z20: 6 | AA20: 12.5 | AB20: 0.51 | AC20: 0 | AD20: =IF(F20=0,0,Z20/F20) -> 1.5 | AE20: =IFERROR(LEFT(C20,FIND("-",C20)-1),C20) -> PG | AF20: =B20&"|"&A20 -> Andre Barrett|2008 | AG20: =SUMPRODUCT(($A$2:$A$4670=A20)*($Z$2:$Z$4670>Z20))+1 -> 438
A21: 2008 | B21: Andre Brown | C21: PF | D21: 26 | E21: MEM | F21: 33 | G21: 1 | H21: 286 | I21: 39 | J21: 78 | K21: 0.5 | L21: 0 | M21: 0 | O21: 22 | P21: 49 | Q21: 0.449 | R21: 37 | S21: 55 | T21: 92 | U21: 8 | V21: 7 | W21: 4 | X21: 14 | Y21: 38 | Z21: 100 | AA21: 13.5 | AB21: 0.502 | AC21: 0.4 | AD21: =IF(F21=0,0,Z21/F21) -> 3.030303 | AE21: =IFERROR(LEFT(C21,FIND("-",C21)-1),C21) -> PF | AF21: =B21&"|"&A21 -> Andre Brown|2008 | AG21: =SUMPRODUCT(($A$2:$A$4670=A21)*($Z$2:$Z$4670>Z21))+1 -> 348
A22: 2008 | B22: Andre Iguodala | C22: SF | D22: 24 | E22: PHI | F22: 82 | G22: 82 | H22: 3242 | I22: 582 | J22: 1277 | K22: 0.456 | L22: 101 | M22: 307 | N22: 0.329 | O22: 365 | P22: 506 | Q22: 0.721 | R22: 85 | S22: 361 | T22: 446 | U22: 391 | V22: 171 | W22: 49 | X22: 214 | Y22: 187 | Z22: 1630 | AA22: 19 | AB22: 0.543 | AC22: 9.6 | AD22: =IF(F22=0,0,Z22/F22) -> 19.878049 | AE22: =IFERROR(LEFT(C22,FIND("-",C22)-1),C22) -> SF | AF22: =B22&"|"&A22 -> Andre Iguodala|2008 | AG22: =SUMPRODUCT(($A$2:$A$4670=A22)*($Z$2:$Z$4670>Z22))+1 -> 20
A23: 2008 | B23: Andre Miller | C23: PG | D23: 31 | E23: PHI | F23: 82 | G23: 82 | H23: 3016 | I23: 569 | J23: 1156 | K23: 0.492 | L23: 3 | M23: 34 | N23: 0.088 | O23: 257 | P23: 333 | Q23: 0.772 | R23: 95 | S23: 229 | T23: 324 | U23: 565 | V23: 105 | W23: 6 | X23: 206 | Y23: 181 | Z23: 1398 | AA23: 18.4 | AB23: 0.537 | AC23: 8.3 | AD23: =IF(F23=0,0,Z23/F23) -> 17.04878 | AE23: =IFERROR(LEFT(C23,FIND("-",C23)-1),C23) -> PG | AF23: =B23&"|"&A23 -> Andre Miller|2008 | AG23: =SUMPRODUCT(($A$2:$A$4670=A23)*($Z$2:$Z$4670>Z23))+1 -> 39
A24: 2008 | B24: Andre Owens | C24: PG | D24: 27 | E24: IND | F24: 31 | G24: 7 | H24: 392 | I24: 40 | J24: 107 | K24: 0.374 | L24: 18 | M24: 40 | N24: 0.45 | O24: 25 | P24: 34 | Q24: 0.735 | R24: 13 | S24: 34 | T24: 47 | U24: 47 | V24: 13 | W24: 3 | X24: 24 | Y24: 37 | Z24: 123 | AA24: 10 | AB24: 0.504 | AC24: 0.4 | AD24: =IF(F24=0,0,Z24/F24) -> 3.9677419 | AE24: =IFERROR(LEFT(C24,FIND("-",C24)-1),C24) -> PG | AF24: =B24&"|"&A24 -> Andre Owens|2008 | AG24: =SUMPRODUCT(($A$2:$A$4670=A24)*($Z$2:$Z$4670>Z24))+1 -> 332
A25: 2008 | B25: Andrea Bargnani | C25: PF | D25: 22 | E25: TOR | F25: 78 | G25: 53 | H25: 1861 | I25: 280 | J25: 725 | K25: 0.386 | L25: 90 | M25: 261 | N25: 0.345 | O25: 142 | P25: 169 | Q25: 0.84 | R25: 50 | S25: 238 | T25: 288 | U25: 89 | V25: 23 | W25: 37 | X25: 88 | Y25: 211 | Z25: 792 | AA25: 10.6 | AB25: 0.495 | AC25: 1.4 | AD25: =IF(F25=0,0,Z25/F25) -> 10.153846 | AE25: =IFERROR(LEFT(C25,FIND("-",C25)-1),C25) -> PF | AF25: =B25&"|"&A25 -> Andrea Bargnani|2008 | AG25: =SUMPRODUCT(($A$2:$A$4670=A25)*($Z$2:$Z$4670>Z25))+1 -> 125
A26: 2008 | B26: Andrei Kirilenko | C26: SF | D26: 26 | E26: UTA | F26: 72 | G26: 72 | H26: 2217 | I26: 275 | J26: 544 | K26: 0.506 | L26: 44 | M26: 116 | N26: 0.379 | O26: 198 | P26: 257 | Q26: 0.77 | R26: 121 | S26: 218 | T26: 339 | U26: 285 | V26: 86 | W26: 109 | X26: 140 | Y26: 165 | Z26: 792 | AA26: 17.2 | AB26: 0.603 | AC26: 7.1 | AD26: =IF(F26=0,0,Z26/F26) -> 11 | AE26: =IFERROR(LEFT(C26,FIND("-",C26)-1),C26) -> SF | AF26: =B26&"|"&A26 -> Andrei Kirilenko|2008 | AG26: =SUMPRODUCT(($A$2:$A$4670=A26)*($Z$2:$Z$4670>Z26))+1 -> 125
A27: 2008 | B27: Andres Nocioni | C27: SF | D27: 28 | E27: CHI | F27: 82 | G27: 27 | H27: 2021 | I27: 379 | J27: 877 | K27: 0.432 | L27: 126 | M27: 346 | N27: 0.364 | O27: 196 | P27: 243 | Q27: 0.807 | R27: 48 | S27: 294 | T27: 342 | U27: 95 | V27: 25 | W27: 43 | X27: 133 | Y27: 245 | Z27: 1080 | AA27: 13.6 | AB27: 0.549 | AC27: 3.3 | AD27: =IF(F27=0,0,Z27/F27) -> 13.170732 | AE27: =IFERROR(LEFT(C27,FIND("-",C27)-1),C27) -> SF | AF27: =B27&"|"&A27 -> Andres Nocioni|2008 | AG27: =SUMPRODUCT(($A$2:$A$4670=A27)*($Z$2:$Z$4670>Z27))+1 -> 70
A28: 2008 | B28: Andrew Bogut | C28: C | D28: 23 | E28: MIL | F28: 78 | G28: 78 | H28: 2720 | I28: 465 | J28: 910 | K28: 0.511 | L28: 0 | M28: 7 | N28: 0 | O28: 189 | P28: 322 | Q28: 0.587 | R28: 245 | S28: 518 | T28: 763 | U28: 199 | V28: 64 | W28: 135 | X28: 172 | Y28: 254 | Z28: 1119 | AA28: 17.5 | AB28: 0.532 | AC28: 4.8 | AD28: =IF(F28=0,0,Z28/F28) -> 14.346154 | AE28: =IFERROR(LEFT(C28,FIND("-",C28)-1),C28) -> C | AF28: =B28&"|"&A28 -> Andrew Bogut|2008 | AG28: =SUMPRODUCT(($A$2:$A$4670=A28)*($Z$2:$Z$4670>Z28))+1 -> 65
A29: 2008 | B29: Andrew Bynum | C29: C | D29: 20 | E29: LAL | F29: 35 | G29: 25 | H29: 1008 | I29: 189 | J29: 297 | K29: 0.636 | L29: 0 | M29: 0 | O29: 82 | P29: 118 | Q29: 0.695 | R29: 105 | S29: 251 | T29: 356 | U29: 61 | V29: 12 | W29: 72 | X29: 52 | Y29: 98 | Z29: 460 | AA29: 22.6 | AB29: 0.659 | AC29: 4.8 | AD29: =IF(F29=0,0,Z29/F29) -> 13.142857 | AE29: =IFERROR(LEFT(C29,FIND("-",C29)-1),C29) -> C | AF29: =B29&"|"&A29 -> Andrew Bynum|2008 | AG29: =SUMPRODUCT(($A$2:$A$4670=A29)*($Z$2:$Z$4670>Z29))+1 -> 217
A30: 2008 | B30: Andris Biedrins | C30: C | D30: 21 | E30: GSW | F30: 76 | G30: 59 | H30: 2078 | I30: 340 | J30: 543 | K30: 0.626 | L30: 0 | M30: 0 | O30: 116 | P30: 187 | Q30: 0.62 | R30: 256 | S30: 488 | T30: 744 | U30: 75 | V30: 56 | W30: 94 | X30: 85 | Y30: 262 | Z30: 796 | AA30: 19.2 | AB30: 0.637 | AC30: 8 | AD30: =IF(F30=0,0,Z30/F30) -> 10.473684 | AE30: =IFERROR(LEFT(C30,FIND("-",C30)-1),C30) -> C | AF30: =B30&"|"&A30 -> Andris Biedrins|2008 | AG30: =SUMPRODUCT(($A$2:$A$4670=A30)*($Z$2:$Z$4670>Z30))+1 -> 124
A31: 2008 | B31: Anfernee Hardaway | C31: SF | D31: 36 | E31: MIA | F31: 16 | G31: 8 | H31: 325 | I31: 22 | J31: 60 | K31: 0.367 | L31: 8 | M31: 19 | N31: 0.421 | O31: 8 | P31: 9 | Q31: 0.889 | R31: 3 | S31: 32 | T31: 35 | U31: 35 | V31: 19 | W31: 1 | X31: 13 | Y31: 24 | Z31: 60 | AA31: 9 | AB31: 0.469 | AC31: 0.2 | AD31: =IF(F31=0,0,Z31/F31) -> 3.75 | AE31: =IFERROR(LEFT(C31,FIND("-",C31)-1),C31) -> SF | AF31: =B31&"|"&A31 -> Anfernee Hardaway|2008 | AG31: =SUMPRODUCT(($A$2:$A$4670=A31)*($Z$2:$Z$4670>Z31))+1 -> 375
A32: 2008 | B32: Antawn Jamison | C32: PF | D32: 31 | E32: WAS | F32: 79 | G32: 79 | H32: 3061 | I32: 618 | J32: 1417 | K32: 0.436 | L32: 120 | M32: 354 | N32: 0.339 | O32: 333 | P32: 438 | Q32: 0.76 | R32: 215 | S32: 591 | T32: 806 | U32: 120 | V32: 106 | W32: 34 | X32: 113 | Y32: 195 | Z32: 1689 | AA32: 20.3 | AB32: 0.525 | AC32: 9.2 | AD32: =IF(F32=0,0,Z32/F32) -> 21.379747 | AE32: =IFERROR(LEFT(C32,FIND("-",C32)-1),C32) -> PF | AF32: =B32&"|"&A32 -> Antawn Jamison|2008 | AG32: =SUMPRODUCT(($A$2:$A$4670=A32)*($Z$2:$Z$4670>Z32))+1 -> 14
A33: 2008 | B33: Anthony Carter | C33: PG | D33: 32 | E33: DEN | F33: 70 | G33: 67 | H33: 1960 | I33: 218 | J33: 476 | K33: 0.458 | L33: 45 | M33: 129 | N33: 0.349 | O33: 64 | P33: 85 | Q33: 0.753 | R33: 27 | S33: 173 | T33: 200 | U33: 388 | V33: 107 | W33: 28 | X33: 124 | Y33: 172 | Z33: 545 | AA33: 12.8 | AB33: 0.531 | AC33: 3.8 | AD33: =IF(F33=0,0,Z33/F33) -> 7.7857143 | AE33: =IFERROR(LEFT(C33,FIND("-",C33)-1),C33) -> PG | AF33: =B33&"|"&A33 -> Anthony Carter|2008 | AG33: =SUMPRODUCT(($A$2:$A$4670=A33)*($Z$2:$Z$4670>Z33))+1 -> 188
A34: 2008 | B34: Anthony Johnson | C34: PG | D34: 33 | E34: TOT | F34: 69 | G34: 52 | H34: 1531 | I34: 155 | J34: 355 | K34: 0.437 | L34: 42 | M34: 93 | N34: 0.452 | O34: 35 | P34: 43 | Q34: 0.814 | R34: 22 | S34: 115 | T34: 137 | U34: 262 | V34: 52 | W34: 9 | X34: 84 | Y34: 115 | Z34: 387 | AA34: 11.2 | AB34: 0.517 | AC34: 2 | AD34: =IF(F34=0,0,Z34/F34) -> 5.6086957 | AE34: =IFERROR(LEFT(C34,FIND("-",C34)-1),C34) -> PG | AF34: =B34&"|"&A34 -> Anthony Johnson|2008 | AG34: =SUMPRODUCT(($A$2:$A$4670=A34)*($Z$2:$Z$4670>Z34))+1 -> 238
A35: 2008 | B35: Anthony Parker | C35: SG | D35: 32 | E35: TOR | F35: 82 | G35: 82 | H35: 2634 | I35: 395 | J35: 829 | K35: 0.476 | L35: 133 | M35: 304 | N35: 0.438 | O35: 102 | P35: 125 | Q35: 0.816 | R35: 50 | S35: 284 | T35: 334 | U35: 183 | V35: 79 | W35: 17 | X35: 87 | Y35: 157 | Z35: 1025 | AA35: 14.4 | AB35: 0.58 | AC35: 6.2 | AD35: =IF(F35=0,0,Z35/F35) -> 12.5 | AE35: =IFERROR(LEFT(C35,FIND("-",C35)-1),C35) -> SG | AF35: =B35&"|"&A35 -> Anthony Parker|2008 | AG35: =SUMPRODUCT(($A$2:$A$4670=A35)*($Z$2:$Z$4670>Z35))+1 -> 76
A36: 2008 | B36: Antoine Walker | C36: PF | D36: 31 | E36: MIN | F36: 46 | G36: 1 | H36: 892 | I36: 136 | J36: 375 | K36: 0.363 | L36: 61 | M36: 188 | N36: 0.324 | O36: 35 | P36: 66 | Q36: 0.53 | R36: 56 | S36: 112 | T36: 168 | U36: 45 | V36: 33 | W36: 8 | X36: 46 | Y36: 80 | Z36: 368 | AA36: 11.4 | AB36: 0.455 | AC36: 0.1 | AD36: =IF(F36=0,0,Z36/F36) -> 8 | AE36: =IFERROR(LEFT(C36,FIND("-",C36)-1),C36) -> PF | AF36: =B36&"|"&A36 -> Antoine Walker|2008 | AG36: =SUMPRODUCT(($A$2:$A$4670=A36)*($Z$2:$Z$4670>Z36))+1 -> 242
A37: 2008 | B37: Antoine Wright | C37: SG | D37: 23 | E37: TOT | F37: 56 | G37: 10 | H37: 1232 | I37: 136 | J37: 329 | K37: 0.413 | L37: 32 | M37: 110 | N37: 0.291 | O37: 46 | P37: 67 | Q37: 0.687 | R37: 40 | S37: 107 | T37: 147 | U37: 80 | V37: 28 | W37: 21 | X37: 50 | Y37: 127 | Z37: 350 | AA37: 8.4 | AB37: 0.488 | AC37: 0.8 | AD37: =IF(F37=0,0,Z37/F37) -> 6.25 | AE37: =IFERROR(LEFT(C37,FIND("-",C37)-1),C37) -> SG | AF37: =B37&"|"&A37 -> Antoine Wright|2008 | AG37: =SUMPRODUCT(($A$2:$A$4670=A37)*($Z$2:$Z$4670>Z37))+1 -> 246
A38: 2008 | B38: Antonio Daniels | C38: PG | D38: 32 | E38: WAS | F38: 71 | G38: 63 | H38: 2161 | I38: 205 | J38: 447 | K38: 0.459 | L38: 17 | M38: 74 | N38: 0.23 | O38: 170 | P38: 219 | Q38: 0.776 | R38: 23 | S38: 180 | T38: 203 | U38: 340 | V38: 69 | W38: 2 | X38: 91 | Y38: 78 | Z38: 597 | AA38: 13.7 | AB38: 0.549 | AC38: 4.5 | AD38: =IF(F38=0,0,Z38/F38) -> 8.4084507 | AE38: =IFERROR(LEFT(C38,FIND("-",C38)-1),C38) -> PG | AF38: =B38&"|"&A38 -> Antonio Daniels|2008 | AG38: =SUMPRODUCT(($A$2:$A$4670=A38)*($Z$2:$Z$4670>Z38))+1 -> 169
A39: 2008 | B39: Antonio McDyess | C39: PF | D39: 33 | E39: DET | F39: 78 | G39: 78 | H39: 2285 | I39: 293 | J39: 600 | K39: 0.488 | L39: 0 | M39: 2 | N39: 0 | O39: 97 | P39: 156 | Q39: 0.622 | R39: 204 | S39: 462 | T39: 666 | U39: 89 | V39: 61 | W39: 53 | X39: 75 | Y39: 246 | Z39: 683 | AA39: 14.1 | AB39: 0.511 | AC39: 6.7 | AD39: =IF(F39=0,0,Z39/F39) -> 8.7564103 | AE39: =IFERROR(LEFT(C39,FIND("-",C39)-1),C39) -> PF | AF39: =B39&"|"&A39 -> Antonio McDyess|2008 | AG39: =SUMPRODUCT(($A$2:$A$4670=A39)*($Z$2:$Z$4670>Z39))+1 -> 148
A40: 2008 | B40: Arron Afflalo | C40: SG | D40: 22 | E40: DET | F40: 75 | G40: 9 | H40: 970 | I40: 99 | J40: 241 | K40: 0.411 | L40: 10 | M40: 48 | N40: 0.208 | O40: 68 | P40: 87 | Q40: 0.782 | R40: 36 | S40: 101 | T40: 137 | U40: 52 | V40: 31 | W40: 8 | X40: 34 | Y40: 83 | Z40: 276 | AA40: 10.2 | AB40: 0.494 | AC40: 1.9 | AD40: =IF(F40=0,0,Z40/F40) -> 3.68 | AE40: =IFERROR(LEFT(C40,FIND("-",C40)-1),C40) -> SG | AF40: =B40&"|"&A40 -> Arron Afflalo|2008 | AG40: =SUMPRODUCT(($A$2:$A$4670=A40)*($Z$2:$Z$4670>Z40))+1 -> 269
A41: 2008 | B41: Austin Croshere | C41: PF | D41: 32 | E41: GSW | F41: 44 | G41: 0 | H41: 457 | I41: 61 | J41: 137 | K41: 0.445 | L41: 22 | M41: 61 | N41: 0.361 | O41: 29 | P41: 32 | Q41: 0.906 | R41: 33 | S41: 71 | T41: 104 | U41: 30 | V41: 8 | W41: 6 | X41: 22 | Y41: 60 | Z41: 173 | AA41: 13.2 | AB41: 0.573 | AC41: 1.1 | AD41: =IF(F41=0,0,Z41/F41) -> 3.9318182 | AE41: =IFERROR(LEFT(C41,FIND("-",C41)-1),C41) -> PF | AF41: =B41&"|"&A41 -> Austin Croshere|2008 | AG41: =SUMPRODUCT(($A$2:$A$4670=A41)*($Z$2:$Z$4670>Z41))+1 -> 307
A42: 2008 | B42: Awvee Storey | C42: SG | D42: 30 | E42: MIL | F42: 26 | G42: 0 | H42: 259 | I42: 39 | J42: 89 | K42: 0.438 | L42: 0 | M42: 7 | N42: 0 | O42: 14 | P42: 29 | Q42: 0.483 | R42: 31 | S42: 23 | T42: 54 | U42: 16 | V42: 7 | W42: 1 | X42: 10 | Y42: 41 | Z42: 92 | AA42: 11.5 | AB42: 0.452 | AC42: 0.2 | AD42: =IF(F42=0,0,Z42/F42) -> 3.5384615 | AE42: =IFERROR(LEFT(C42,FIND("-",C42)-1),C42) -> SG | AF42: =B42&"|"&A42 -> Awvee Storey|2008 | AG42: =SUMPRODUCT(($A$2:$A$4670=A42)*($Z$2:$Z$4670>Z42))+1 -> 354
... A48: 2008 | B48: Blake Ahearn | C48: PG | D48: 23 | E48: MIA | F48: 12 | G48: 0 | H48: 177 | I48: 15 | J48: 57 | K48: 0.263 | L48: 10 | M48: 34 | N48: 0.294 | O48: 30 | P48: 31 | Q48: 0.968 | R48: 1 | S48: 18 | T48: 19 | U48: 19 | V48: 6 | W48: 0 | X48: 16 | Y48: 20 | Z48: 70 | AA48: 9 | AB48: 0.495 | AC48: 0 | AD48: =IF(F48=0,0,Z48/F48) -> 5.8333333 | AE48: =IFERROR(LEFT(C48,FIND("-",C48)-1),C48) -> PG | AF48: =B48&"|"&A48 -> Blake Ahearn|2008 | AG48: =SUMPRODUCT(($A$2:$A$4670=A48)*($Z$2:$Z$4670>Z48))+1 -> 368
A49: 2008 | B49: Bo Outlaw | C49: PF | D49: 36 | E49: ORL | F49: 2 | G49: 0 | H49: 7 | I49: 2 | J49: 3 | K49: 0.667 | L49: 0 | M49: 0 | O49: 0 | P49: 0 | R49: 0 | S49: 0 | T49: 0 | U49: 0 | V49: 0 | W49: 0 | X49: 1 | Y49: 1 | Z49: 4 | AA49: 8.6 | AB49: 0.667 | AC49: 0 | AD49: =IF(F49=0,0,Z49/F49) -> 2 | AE49: =IFERROR(LEFT(C49,FIND("-",C49)-1),C49) -> PF | AF49: =B49&"|"&A49 -> Bo Outlaw|2008 | AG49: =SUMPRODUCT(($A$2:$A$4670=A49)*($Z$2:$Z$4670>Z49))+1 -> 443
A50: 2008 | B50: Bobby Jackson | C50: SG-PG | D50: 34 | E50: TOT | F50: 72 | G50: 5 | H50: 1389 | I50: 204 | J50: 506 | K50: 0.403 | L50: 81 | M50: 226 | N50: 0.358 | O50: 64 | P50: 81 | Q50: 0.79 | R50: 33 | S50: 148 | T50: 181 | U50: 139 | V50: 45 | W50: 5 | X50: 59 | Y50: 96 | Z50: 553 | AA50: 13.5 | AB50: 0.51 | AC50: 3 | AD50: =IF(F50=0,0,Z50/F50) -> 7.6805556 | AE50: =IFERROR(LEFT(C50,FIND("-",C50)-1),C50) -> SG | AF50: =B50&"|"&A50 -> Bobby Jackson|2008 | AG50: =SUMPRODUCT(($A$2:$A$4670=A50)*($Z$2:$Z$4670>Z50))+1 -> 185
A51: 2008 | B51: Bobby Jones | C51: C-SF | D51: 24 | E51: TOT | F51: 47 | G51: 2 | H51: 531 | I51: 60 | J51: 140 | K51: 0.429 | L51: 18 | M51: 53 | N51: 0.34 | O51: 40 | P51: 51 | Q51: 0.784 | R51: 29 | S51: 63 | T51: 92 | U51: 28 | V51: 15 | W51: 3 | X51: 28 | Y51: 85 | Z51: 178 | AA51: 9.9 | AB51: 0.548 | AC51: 0.8 | AD51: =IF(F51=0,0,Z51/F51) -> 3.787234 | AE51: =IFERROR(LEFT(C51,FIND("-",C51)-1),C51) -> C | AF51: =B51&"|"&A51 -> Bobby Jones|2008 | AG51: =SUMPRODUCT(($A$2:$A$4670=A51)*($Z$2:$Z$4670>Z51))+1 -> 304
A52: 2008 | B52: Bobby Simmons | C52: SF | D52: 27 | E52: MIL | F52: 70 | G52: 21 | H52: 1521 | I52: 209 | J52: 496 | K52: 0.421 | L52: 60 | M52: 171 | N52: 0.351 | O52: 53 | P52: 70 | Q52: 0.757 | R52: 67 | S52: 159 | T52: 226 | U52: 80 | V52: 50 | W52: 5 | X52: 78 | Y52: 140 | Z52: 531 | AA52: 10.3 | AB52: 0.504 | AC52: 0.7 | AD52: =IF(F52=0,0,Z52/F52) -> 7.5857143 | AE52: =IFERROR(LEFT(C52,FIND("-",C52)-1),C52) -> SF | AF52: =B52&"|"&A52 -> Bobby Simmons|2008 | AG52: =SUMPRODUCT(($A$2:$A$4670=A52)*($Z$2:$Z$4670>Z52))+1 -> 194
A53: 2008 | B53: Bonzi Wells | C53: SG | D53: 31 | E53: TOT | F53: 73 | G53: 7 | H53: 1562 | I53: 252 | J53: 569 | K53: 0.443 | L53: 12 | M53: 50 | N53: 0.24 | O53: 146 | P53: 227 | Q53: 0.643 | R53: 84 | S53: 247 | T53: 331 | U53: 97 | V53: 75 | W53: 32 | X53: 103 | Y53: 157 | Z53: 662 | AA53: 14.4 | AB53: 0.495 | AC53: 3 | AD53: =IF(F53=0,0,Z53/F53) -> 9.0684932 | AE53: =IFERROR(LEFT(C53,FIND("-",C53)-1),C53) -> SG | AF53: =B53&"|"&A53 -> Bonzi Wells|2008 | AG53: =SUMPRODUCT(($A$2:$A$4670=A53)*($Z$2:$Z$4670>Z53))+1 -> 151
A54: 2008 | B54: Boris Diaw | C54: PF | D54: 25 | E54: PHO | F54: 82 | G54: 19 | H54: 2308 | I54: 308 | J54: 646 | K54: 0.477 | L54: 13 | M54: 41 | N54: 0.317 | O54: 96 | P54: 129 | Q54: 0.744 | R54: 97 | S54: 281 | T54: 378 | U54: 317 | V54: 61 | W54: 39 | X54: 155 | Y54: 166 | Z54: 725 | AA54: 12 | AB54: 0.516 | AC54: 3 | AD54: =IF(F54=0,0,Z54/F54) -> 8.8414634 | AE54: =IFERROR(LEFT(C54,FIND("-",C54)-1),C54) -> PF | AF54: =B54&"|"&A54 -> Boris Diaw|2008 | AG54: =SUMPRODUCT(($A$2:$A$4670=A54)*($Z$2:$Z$4670>Z54))+1 -> 139
A55: 2008 | B55: Bostjan Nachbar | C55: PF | D55: 27 | E55: NJN | F55: 75 | G55: 1 | H55: 1660 | I55: 245 | J55: 609 | K55: 0.402 | L55: 94 | M55: 262 | N55: 0.359 | O55: 154 | P55: 196 | Q55: 0.786 | R55: 56 | S55: 204 | T55: 260 | U55: 88 | V55: 44 | W55: 21 | X55: 85 | Y55: 182 | Z55: 738 | AA55: 12.4 | AB55: 0.531 | AC55: 2.2 | AD55: =IF(F55=0,0,Z55/F55) -> 9.84 | AE55: =IFERROR(LEFT(C55,FIND("-",C55)-1),C55) -> PF | AF55: =B55&"|"&A55 -> Bostjan Nachbar|2008 | AG55: =SUMPRODUCT(($A$2:$A$4670=A55)*($Z$2:$Z$4670>Z55))+1 -> 136
A56: 2008 | B56: Brad Miller | C56: C | D56: 31 | E56: SAC | F56: 72 | G56: 72 | H56: 2513 | I56: 337 | J56: 728 | K56: 0.463 | L56: 28 | M56: 90 | N56: 0.311 | O56: 262 | P56: 309 | Q56: 0.848 | R56: 167 | S56: 514 | T56: 681 | U56: 264 | V56: 69 | W56: 74 | X56: 164 | Y56: 247 | Z56: 964 | AA56: 16.8 | AB56: 0.558 | AC56: 6.5 | AD56: =IF(F56=0,0,Z56/F56) -> 13.388889 | AE56: =IFERROR(LEFT(C56,FIND("-",C56)-1),C56) -> C | AF56: =B56&"|"&A56 -> Brad Miller|2008 | AG56: =SUMPRODUCT(($A$2:$A$4670=A56)*($Z$2:$Z$4670>Z56))+1 -> 84
A57: 2008 | B57: Brandan Wright | C57: PF | D57: 20 | E57: GSW | F57: 38 | G57: 6 | H57: 376 | I57: 62 | J57: 112 | K57: 0.554 | L57: 0 | M57: 0 | O57: 27 | P57: 40 | Q57: 0.675 | R57: 38 | S57: 61 | T57: 99 | U57: 9 | V57: 6 | W57: 22 | X57: 13 | Y57: 36 | Z57: 151 | AA57: 17.2 | AB57: 0.583 | AC57: 1.1 | AD57: =IF(F57=0,0,Z57/F57) -> 3.9736842 | AE57: =IFERROR(LEFT(C57,FIND("-",C57)-1),C57) -> PF | AF57: =B57&"|"&A57 -> Brandan Wright|2008 | AG57: =SUMPRODUCT(($A$2:$A$4670=A57)*($Z$2:$Z$4670>Z57))+1 -> 318
A58: 2008 | B58: Brandon Bass | C58: C | D58: 22 | E58: DAL | F58: 79 | G58: 1 | H58: 1557 | I58: 246 | J58: 493 | K58: 0.499 | L58: 0 | M58: 4 | N58: 0 | O58: 162 | P58: 197 | Q58: 0.822 | R58: 120 | S58: 227 | T58: 347 | U58: 58 | V58: 22 | W58: 48 | X58: 82 | Y58: 150 | Z58: 654 | AA58: 15.9 | AB58: 0.564 | AC58: 4.3 | AD58: =IF(F58=0,0,Z58/F58) -> 8.278481 | AE58: =IFERROR(LEFT(C58,FIND("-",C58)-1),C58) -> C | AF58: =B58&"|"&A58 -> Brandon Bass|2008 | AG58: =SUMPRODUCT(($A$2:$A$4670=A58)*($Z$2:$Z$4670>Z58))+1 -> 154
A59: 2008 | B59: Brandon Roy | C59: SG | D59: 23 | E59: POR | F59: 74 | G59: 74 | H59: 2792 | I59: 531 | J59: 1170 | K59: 0.454 | L59: 73 | M59: 215 | N59: 0.34 | O59: 281 | P59: 373 | Q59: 0.753 | R59: 81 | S59: 267 | T59: 348 | U59: 430 | V59: 79 | W59: 16 | X59: 136 | Y59: 147 | Z59: 1416 | AA59: 19.4 | AB59: 0.531 | AC59: 8 | AD59: =IF(F59=0,0,Z59/F59) -> 19.135135 | AE59: =IFERROR(LEFT(C59,FIND("-",C59)-1),C59) -> SG | AF59: =B59&"|"&A59 -> Brandon Roy|2008 | AG59: =SUMPRODUCT(($A$2:$A$4670=A59)*($Z$2:$Z$4670>Z59))+1 -> 38
A60: 2008 | B60: Brendan Haywood | C60: C | D60: 28 | E60: WAS | F60: 80 | G60: 80 | H60: 2228 | I60: 316 | J60: 599 | K60: 0.528 | L60: 0 | M60: 0 | O60: 216 | P60: 294 | Q60: 0.735 | R60: 273 | S60: 303 | T60: 576 | U60: 71 | V60: 31 | W60: 133 | X60: 108 | Y60: 216 | Z60: 848 | AA60: 18.3 | AB60: 0.582 | AC60: 6.8 | AD60: =IF(F60=0,0,Z60/F60) -> 10.6 | AE60: =IFERROR(LEFT(C60,FIND("-",C60)-1),C60) -> C | AF60: =B60&"|"&A60 -> Brendan Haywood|2008 | AG60: =SUMPRODUCT(($A$2:$A$4670=A60)*($Z$2:$Z$4670>Z60))+1 -> 110
A61: 2008 | B61: Brent Barry | C61: SF | D61: 36 | E61: SAS | F61: 31 | G61: 1 | H61: 554 | I61: 77 | J61: 160 | K61: 0.481 | L61: 48 | M61: 112 | N61: 0.429 | O61: 19 | P61: 20 | Q61: 0.95 | R61: 12 | S61: 43 | T61: 55 | U61: 54 | V61: 17 | W61: 3 | X61: 18 | Y61: 43 | Z61: 221 | AA61: 16.7 | AB61: 0.655 | AC61: 2.3 | AD61: =IF(F61=0,0,Z61/F61) -> 7.1290323 | AE61: =IFERROR(LEFT(C61,FIND("-",C61)-1),C61) -> SF | AF61: =B61&"|"&A61 -> Brent Barry|2008 | AG61: =SUMPRODUCT(($A$2:$A$4670=A61)*($Z$2:$Z$4670>Z61))+1 -> 290
A62: 2008 | B62: Brevin Knight | C62: PG | D62: 32 | E62: LAC | F62: 74 | G62: 39 | H62: 1674 | I62: 138 | J62: 342 | K62: 0.404 | L62: 0 | M62: 6 | N62: 0 | O62: 62 | P62: 71 | Q62: 0.873 | R62: 15 | S62: 127 | T62: 142 | U62: 328 | V62: 100 | W62: 11 | X62: 71 | Y62: 160 | Z62: 338 | AA62: 11.4 | AB62: 0.453 | AC62: 2.1 | AD62: =IF(F62=0,0,Z62/F62) -> 4.5675676 | AE62: =IFERROR(LEFT(C62,FIND("-",C62)-1),C62) -> PG | AF62: =B62&"|"&A62 -> Brevin Knight|2008 | AG62: =SUMPRODUCT(($A$2:$A$4670=A62)*($Z$2:$Z$4670>Z62))+1 -> 252
A63: 2008 | B63: Brian Cardinal | C63: PF | D63: 30 | E63: MEM | F63: 37 | G63: 1 | H63: 440 | I63: 43 | J63: 126 | K63: 0.341 | L63: 25 | M63: 81 | N63: 0.309 | O63: 13 | P63: 19 | Q63: 0.684 | R63: 26 | S63: 70 | T63: 96 | U63: 22 | V63: 10 | W63: 2 | X63: 23 | Y63: 62 | Z63: 124 | AA63: 7.3 | AB63: 0.461 | AC63: 0 | AD63: =IF(F63=0,0,Z63/F63) -> 3.3513514 | AE63: =IFERROR(LEFT(C63,FIND("-",C63)-1),C63) -> PF | AF63: =B63&"|"&A63 -> Brian Cardinal|2008 | AG63: =SUMPRODUCT(($A$2:$A$4670=A63)*($Z$2:$Z$4670>Z63))+1 -> 330
A64: 2008 | B64: Brian Cook | C64: PF | D64: 27 | E64: TOT | F64: 51 | G64: 2 | H64: 629 | I64: 88 | J64: 234 | K64: 0.376 | L64: 43 | M64: 115 | N64: 0.374 | O64: 19 | P64: 21 | Q64: 0.905 | R64: 28 | S64: 81 | T64: 109 | U64: 27 | V64: 13 | W64: 12 | X64: 39 | Y64: 93 | Z64: 238 | AA64: 8.6 | AB64: 0.489 | AC64: 0.4 | AD64: =IF(F64=0,0,Z64/F64) -> 4.6666667 | AE64: =IFERROR(LEFT(C64,FIND("-",C64)-1),C64) -> PF | AF64: =B64&"|"&A64 -> Brian Cook|2008 | AG64: =SUMPRODUCT(($A$2:$A$4670=A64)*($Z$2:$Z$4670>Z64))+1 -> 282
A65: 2008 | B65: Brian Scalabrine | C65: PF | D65: 29 | E65: BOS | F65: 48 | G65: 9 | H65: 512 | I65: 29 | J65: 94 | K65: 0.309 | L65: 15 | M65: 46 | N65: 0.326 | O65: 15 | P65: 20 | Q65: 0.75 | R65: 22 | S65: 57 | T65: 79 | U65: 40 | V65: 9 | W65: 8 | X65: 26 | Y65: 63 | Z65: 88 | AA65: 5.1 | AB65: 0.428 | AC65: 0.6 | AD65: =IF(F65=0,0,Z65/F65) -> 1.8333333 | AE65: =IFERROR(LEFT(C65,FIND("-",C65)-1),C65) -> PF | AF65: =B65&"|"&A65 -> Brian Scalabrine|2008 | AG65: =SUMPRODUCT(($A$2:$A$4670=A65)*($Z$2:$Z$4670>Z65))+1 -> 356
A66: 2008 | B66: Brian Skinner | C66: C | D66: 31 | E66: PHO | F66: 66 | G66: 0 | H66: 844 | I66: 92 | J66: 198 | K66: 0.465 | L66: 2 | M66: 3 | N66: 0.667 | O66: 33 | P66: 63 | Q66: 0.524 | R66: 63 | S66: 175 | T66: 238 | U66: 15 | V66: 21 | W66: 77 | X66: 39 | Y66: 112 | Z66: 219 | AA66: 11.4 | AB66: 0.485 | AC66: 1.2 | AD66: =IF(F66=0,0,Z66/F66) -> 3.3181818 | AE66: =IFERROR(LEFT(C66,FIND("-",C66)-1),C66) -> C | AF66: =B66&"|"&A66 -> Brian Skinner|2008 | AG66: =SUMPRODUCT(($A$2:$A$4670=A66)*($Z$2:$Z$4670>Z66))+1 -> 292
A67: 2008 | B67: Bruce Bowen | C67: SF | D67: 36 | E67: SAS | F67: 81 | G67: 81 | H67: 2448 | I67: 174 | J67: 428 | K67: 0.407 | L67: 90 | M67: 215 | N67: 0.419 | O67: 45 | P67: 69 | Q67: 0.652 | R67: 33 | S67: 201 | T67: 234 | U67: 91 | V67: 54 | W67: 22 | X67: 46 | Y67: 177 | Z67: 483 | AA67: 7 | AB67: 0.527 | AC67: 4.4 | AD67: =IF(F67=0,0,Z67/F67) -> 5.962963 | AE67: =IFERROR(LEFT(C67,FIND("-",C67)-1),C67) -> SF | AF67: =B67&"|"&A67 -> Bruce Bowen|2008 | AG67: =SUMPRODUCT(($A$2:$A$4670=A67)*($Z$2:$Z$4670>Z67))+1 -> 210
A68: 2008 | B68: C.J. Miles | C68: SG | D68: 20 | E68: UTA | F68: 60 | G68: 13 | H68: 689 | I68: 113 | J68: 236 | K68: 0.479 | L68: 30 | M68: 77 | N68: 0.39 | O68: 41 | P68: 52 | Q68: 0.788 | R68: 16 | S68: 62 | T68: 78 | U68: 53 | V68: 32 | W68: 8 | X68: 27 | Y68: 98 | Z68: 297 | AA68: 14.2 | AB68: 0.574 | AC68: 1.9 | AD68: =IF(F68=0,0,Z68/F68) -> 4.95 | AE68: =IFERROR(LEFT(C68,FIND("-",C68)-1),C68) -> SG | AF68: =B68&"|"&A68 -> C.J. Miles|2008 | AG68: =SUMPRODUCT(($A$2:$A$4670=A68)*($Z$2:$Z$4670>Z68))+1 -> 266
A69: 2008 | B69: C.J. Watson | C69: PG | D69: 23 | E69: GSW | F69: 32 | G69: 0 | H69: 368 | I69: 43 | J69: 101 | K69: 0.426 | L69: 9 | M69: 26 | N69: 0.346 | O69: 23 | P69: 29 | Q69: 0.793 | R69: 13 | S69: 19 | T69: 32 | U69: 35 | V69: 15 | W69: 0 | X69: 18 | Y69: 19 | Z69: 118 | AA69: 11 | AB69: 0.519 | AC69: 0.4 | AD69: =IF(F69=0,0,Z69/F69) -> 3.6875 | AE69: =IFERROR(LEFT(C69,FIND("-",C69)-1),C69) -> PG | AF69: =B69&"|"&A69 -> C.J. Watson|2008 | AG69: =SUMPRODUCT(($A$2:$A$4670=A69)*($Z$2:$Z$4670>Z69))+1 -> 336
A70: 2008 | B70: Calvin Booth | C70: C | D70: 31 | E70: PHI | F70: 31 | G70: 0 | H70: 204 | I70: 9 | J70: 27 | K70: 0.333 | L70: 0 | M70: 0 | O70: 6 | P70: 10 | Q70: 0.6 | R70: 6 | S70: 32 | T70: 38 | U70: 8 | V70: 6 | W70: 18 | X70: 4 | Y70: 35 | Z70: 24 | AA70: 7.1 | AB70: 0.382 | AC70: 0.3 | AD70: =IF(F70=0,0,Z70/F70) -> 0.77419355 | AE70: =IFERROR(LEFT(C70,FIND("-",C70)-1),C70) -> C | AF70: =B70&"|"&A70 -> Calvin Booth|2008 | AG70: =SUMPRODUCT(($A$2:$A$4670=A70)*($Z$2:$Z$4670>Z70))+1 -> 413
A71: 2008 | B71: Carl Landry | C71: PF | D71: 24 | E71: HOU | F71: 42 | G71: 0 | H71: 711 | I71: 135 | J71: 219 | K71: 0.616 | L71: 0 | M71: 1 | N71: 0 | O71: 72 | P71: 109 | Q71: 0.661 | R71: 96 | S71: 111 | T71: 207 | U71: 21 | V71: 17 | W71: 7 | X71: 26 | Y71: 98 | Z71: 342 | AA71: 21.4 | AB71: 0.641 | AC71: 3.7 | AD71: =IF(F71=0,0,Z71/F71) -> 8.1428571 | AE71: =IFERROR(LEFT(C71,FIND("-",C71)-1),C71) -> PF | AF71: =B71&"|"&A71 -> Carl Landry|2008 | AG71: =SUMPRODUCT(($A$2:$A$4670=A71)*($Z$2:$Z$4670>Z71))+1 -> 250
A72: 2008 | B72: Carlos Arroyo | C72: PG | D72: 28 | E72: ORL | F72: 62 | G72: 20 | H72: 1269 | I72: 157 | J72: 348 | K72: 0.451 | L72: 29 | M72: 84 | N72: 0.345 | O72: 87 | P72: 102 | Q72: 0.853 | R72: 10 | S72: 103 | T72: 113 | U72: 219 | V72: 26 | W72: 2 | X72: 77 | Y72: 85 | Z72: 430 | AA72: 12.8 | AB72: 0.547 | AC72: 2.8 | AD72: =IF(F72=0,0,Z72/F72) -> 6.9354839 | AE72: =IFERROR(LEFT(C72,FIND("-",C72)-1),C72) -> PG | AF72: =B72&"|"&A72 -> Carlos Arroyo|2008 | AG72: =SUMPRODUCT(($A$2:$A$4670=A72)*($Z$2:$Z$4670>Z72))+1 -> 227
A73: 2008 | B73: Carlos Boozer | C73: PF | D73: 26 | E73: UTA | F73: 81 | G73: 81 | H73: 2827 | I73: 709 | J73: 1297 | K73: 0.547 | L73: 0 | M73: 1 | N73: 0 | O73: 290 | P73: 393 | Q73: 0.738 | R73: 197 | S73: 647 | T73: 844 | U73: 233 | V73: 100 | W73: 41 | X73: 210 | Y73: 293 | Z73: 1708 | AA73: 21.9 | AB73: 0.581 | AC73: 10.2 | AD73: =IF(F73=0,0,Z73/F73) -> 21.08642 | AE73: =IFERROR(LEFT(C73,FIND("-",C73)-1),C73) -> PF | AF73: =B73&"|"&A73 -> Carlos Boozer|2008 | AG73: =SUMPRODUCT(($A$2:$A$4670=A73)*($Z$2:$Z$4670>Z73))+1 -> 12
A74: 2008 | B74: Carlos Delfino | C74: SG | D74: 25 | E74: TOR | F74: 82 | G74: 0 | H74: 1928 | I74: 251 | J74: 632 | K74: 0.397 | L74: 120 | M74: 314 | N74: 0.382 | O74: 116 | P74: 156 | Q74: 0.744 | R74: 66 | S74: 293 | T74: 359 | U74: 145 | V74: 69 | W74: 11 | X74: 75 | Y74: 177 | Z74: 738 | AA74: 13.6 | AB74: 0.527 | AC74: 4 | AD74: =IF(F74=0,0,Z74/F74) -> 9 | AE74: =IFERROR(LEFT(C74,FIND("-",C74)-1),C74) -> SG | AF74: =B74&"|"&A74 -> Carlos Delfino|2008 | AG74: =SUMPRODUCT(($A$2:$A$4670=A74)*($Z$2:$Z$4670>Z74))+1 -> 136
A75: 2008 | B75: Carmelo Anthony | C75: SF | D75: 23 | E75: DEN | F75: 77 | G75: 77 | H75: 2806 | I75: 728 | J75: 1481 | K75: 0.492 | L75: 58 | M75: 164 | N75: 0.354 | O75: 464 | P75: 590 | Q75: 0.786 | R75: 178 | S75: 393 | T75: 571 | U75: 259 | V75: 98 | W75: 39 | X75: 253 | Y75: 253 | Z75: 1978 | AA75: 21.1 | AB75: 0.568 | AC75: 8.2 | AD75: =IF(F75=0,0,Z75/F75) -> 25.688312 | AE75: =IFERROR(LEFT(C75,FIND("-",C75)-1),C75) -> SF | AF75: =B75&"|"&A75 -> Carmelo Anthony|2008 | AG75: =SUMPRODUCT(($A$2:$A$4670=A75)*($Z$2:$Z$4670>Z75))+1 -> 5
A76: 2008 | B76: Caron Butler | C76: SF | D76: 27 | E76: WAS | F76: 58 | G76: 58 | H76: 2314 | I76: 439 | J76: 943 | K76: 0.466 | L76: 66 | M76: 185 | N76: 0.357 | O76: 236 | P76: 262 | Q76: 0.901 | R76: 93 | S76: 295 | T76: 388 | U76: 284 | V76: 128 | W76: 20 | X76: 150 | Y76: 160 | Z76: 1180 | AA76: 20.7 | AB76: 0.558 | AC76: 7.2 | AD76: =IF(F76=0,0,Z76/F76) -> 20.344828 | AE76: =IFERROR(LEFT(C76,FIND("-",C76)-1),C76) -> SF | AF76: =B76&"|"&A76 -> Caron Butler|2008 | AG76: =SUMPRODUCT(($A$2:$A$4670=A76)*($Z$2:$Z$4670>Z76))+1 -> 58
A77: 2008 | B77: Casey Jacobsen | C77: SG | D77: 26 | E77: MEM | F77: 53 | G77: 0 | H77: 547 | I77: 39 | J77: 115 | K77: 0.339 | L77: 16 | M77: 72 | N77: 0.222 | O77: 13 | P77: 17 | Q77: 0.765 | R77: 12 | S77: 53 | T77: 65 | U77: 20 | V77: 5 | W77: 1 | X77: 16 | Y77: 34 | Z77: 107 | AA77: 4.5 | AB77: 0.437 | AC77: -0.3 | AD77: =IF(F77=0,0,Z77/F77) -> 2.0188679 | AE77: =IFERROR(LEFT(C77,FIND("-",C77)-1),C77) -> SG | AF77: =B77&"|"&A77 -> Casey Jacobsen|2008 | AG77: =SUMPRODUCT(($A$2:$A$4670=A77)*($Z$2:$Z$4670>Z77))+1 -> 345
A78: 2008 | B78: Cedric Simmons | C78: PF | D78: 22 | E78: TOT | F78: 14 | G78: 0 | H78: 87 | I78: 4 | J78: 14 | K78: 0.286 | L78: 0 | M78: 0 | O78: 0 | P78: 10 | Q78: 0 | R78: 6 | S78: 12 | T78: 18 | U78: 0 | V78: 2 | W78: 5 | X78: 6 | Y78: 8 | Z78: 8 | AA78: 0 | AB78: 0.217 | AC78: -0.2 | AD78: =IF(F78=0,0,Z78/F78) -> 0.57142857 | AE78: =IFERROR(LEFT(C78,FIND("-",C78)-1),C78) -> PF | AF78: =B78&"|"&A78 -> Cedric Simmons|2008 | AG78: =SUMPRODUCT(($A$2:$A$4670=A78)*($Z$2:$Z$4670>Z78))+1 -> 435
A79: 2008 | B79: Channing Frye | C79: C | D79: 24 | E79: POR | F79: 78 | G79: 20 | H79: 1342 | I79: 221 | J79: 453 | K79: 0.488 | L79: 3 | M79: 10 | N79: 0.3 | O79: 85 | P79: 109 | Q79: 0.78 | R79: 107 | S79: 247 | T79: 354 | U79: 57 | V79: 29 | W79: 27 | X79: 55 | Y79: 208 | Z79: 530 | AA79: 14.8 | AB79: 0.529 | AC79: 3.2 | AD79: =IF(F79=0,0,Z79/F79) -> 6.7948718 | AE79: =IFERROR(LEFT(C79,FIND("-",C79)-1),C79) -> C | AF79: =B79&"|"&A79 -> Channing Frye|2008 | AG79: =SUMPRODUCT(($A$2:$A$4670=A79)*($Z$2:$Z$4670>Z79))+1 -> 195
A80: 2008 | B80: Charlie Bell | C80: SG | D80: 28 | E80: MIL | F80: 68 | G80: 5 | H80: 1628 | I80: 185 | J80: 486 | K80: 0.381 | L80: 74 | M80: 217 | N80: 0.341 | O80: 70 | P80: 87 | Q80: 0.805 | R80: 31 | S80: 136 | T80: 167 | U80: 210 | V80: 52 | W80: 2 | X80: 76 | Y80: 121 | Z80: 514 | AA80: 10.9 | AB80: 0.49 | AC80: 1.3 | AD80: =IF(F80=0,0,Z80/F80) -> 7.5588235 | AE80: =IFERROR(LEFT(C80,FIND("-",C80)-1),C80) -> SG | AF80: =B80&"|"&A80 -> Charlie Bell|2008 | AG80: =SUMPRODUCT(($A$2:$A$4670=A80)*($Z$2:$Z$4670>Z80))+1 -> 199
A81: 2008 | B81: Charlie Villanueva | C81: PF | D81: 23 | E81: MIL | F81: 76 | G81: 31 | H81: 1829 | I81: 354 | J81: 814 | K81: 0.435 | L81: 55 | M81: 185 | N81: 0.297 | O81: 123 | P81: 157 | Q81: 0.783 | R81: 145 | S81: 321 | T81: 466 | U81: 78 | V81: 30 | W81: 35 | X81: 107 | Y81: 174 | Z81: 886 | AA81: 14.9 | AB81: 0.502 | AC81: 1.7 | AD81: =IF(F81=0,0,Z81/F81) -> 11.657895 | AE81: =IFERROR(LEFT(C81,FIND("-",C81)-1),C81) -> PF | AF81: =B81&"|"&A81 -> Charlie Villanueva|2008 | AG81: =SUMPRODUCT(($A$2:$A$4670=A81)*($Z$2:$Z$4670>Z81))+1 -> 100
A82: 2008 | B82: Chauncey Billups | C82: PG | D82: 31 | E82: DET | F82: 78 | G82: 78 | H82: 2522 | I82: 393 | J82: 877 | K82: 0.448 | L82: 137 | M82: 342 | N82: 0.401 | O82: 401 | P82: 437 | Q82: 0.918 | R82: 42 | S82: 170 | T82: 212 | U82: 529 | V82: 101 | W82: 17 | X82: 160 | Y82: 130 | Z82: 1324 | AA82: 23.6 | AB82: 0.619 | AC82: 13.5 | AD82: =IF(F82=0,0,Z82/F82) -> 16.974359 | AE82: =IFERROR(LEFT(C82,FIND("-",C82)-1),C82) -> PG | AF82: =B82&"|"&A82 -> Chauncey Billups|2008 | AG82: =SUMPRODUCT(($A$2:$A$4670=A82)*($Z$2:$Z$4670>Z82))+1 -> 45
A83: 2008 | B83: Cheikh Samb | C83: C | D83: 23 | E83: DET | F83: 4 | G83: 0 | H83: 31 | I83: 3 | J83: 4 | K83: 0.75 | L83: 0 | M83: 0 | O83: 1 | P83: 2 | Q83: 0.5 | R83: 3 | S83: 4 | T83: 7 | U83: 0 | V83: 1 | W83: 2 | X83: 1 | Y83: 8 | Z83: 7 | AA83: 12 | AB83: 0.717 | AC83: 0.1 | AD83: =IF(F83=0,0,Z83/F83) -> 1.75 | AE83: =IFERROR(LEFT(C83,FIND("-",C83)-1),C83) -> C | AF83: =B83&"|"&A83 -> Cheikh Samb|2008 | AG83: =SUMPRODUCT(($A$2:$A$4670=A83)*($Z$2:$Z$4670>Z83))+1 -> 437
A84: 2008 | B84: Chris Andersen | C84: C | D84: 29 | E84: NOH | F84: 5 | G84: 0 | H84: 34 | I84: 2 | J84: 7 | K84: 0.286 | L84: 0 | M84: 0 | O84: 2 | P84: 4 | Q84: 0.5 | R84: 2 | S84: 7 | T84: 9 | U84: 0 | V84: 0 | W84: 4 | X84: 1 | Y84: 6 | Z84: 6 | AA84: 6.1 | AB84: 0.342 | AC84: 0 | AD84: =IF(F84=0,0,Z84/F84) -> 1.2 | AE84: =IFERROR(LEFT(C84,FIND("-",C84)-1),C84) -> C | AF84: =B84&"|"&A84 -> Chris Andersen|2008 | AG84: =SUMPRODUCT(($A$2:$A$4670=A84)*($Z$2:$Z$4670>Z84))+1 -> 438
A85: 2008 | B85: Chris Bosh | C85: C | D85: 23 | E85: TOR | F85: 67 | G85: 67 | H85: 2425 | I85: 507 | J85: 1027 | K85: 0.494 | L85: 10 | M85: 25 | N85: 0.4 | O85: 472 | P85: 559 | Q85: 0.844 | R85: 174 | S85: 409 | T85: 583 | U85: 171 | V85: 63 | W85: 67 | X85: 153 | Y85: 157 | Z85: 1496 | AA85: 23.8 | AB85: 0.588 | AC85: 10.1 | AD85: =IF(F85=0,0,Z85/F85) -> 22.328358 | AE85: =IFERROR(LEFT(C85,FIND("-",C85)-1),C85) -> C | AF85: =B85&"|"&A85 -> Chris Bosh|2008 | AG85: =SUMPRODUCT(($A$2:$A$4670=A85)*($Z$2:$Z$4670>Z85))+1 -> 32
A86: 2008 | B86: Chris Duhon | C86: PG | D86: 25 | E86: CHI | F86: 66 | G86: 18 | H86: 1490 | I86: 133 | J86: 344 | K86: 0.387 | L86: 54 | M86: 155 | N86: 0.348 | O86: 65 | P86: 80 | Q86: 0.813 | R86: 19 | S86: 97 | T86: 116 | U86: 263 | V86: 48 | W86: 2 | X86: 71 | Y86: 92 | Z86: 385 | AA86: 11.1 | AB86: 0.508 | AC86: 2.3 | AD86: =IF(F86=0,0,Z86/F86) -> 5.8333333 | AE86: =IFERROR(LEFT(C86,FIND("-",C86)-1),C86) -> PG | AF86: =B86&"|"&A86 -> Chris Duhon|2008 | AG86: =SUMPRODUCT(($A$2:$A$4670=A86)*($Z$2:$Z$4670>Z86))+1 -> 239
A87: 2008 | B87: Chris Kaman | C87: C | D87: 25 | E87: LAC | F87: 56 | G87: 55 | H87: 2083 | I87: 338 | J87: 700 | K87: 0.483 | L87: 0 | M87: 4 | N87: 0 | O87: 202 | P87: 265 | Q87: 0.762 | R87: 173 | S87: 538 | T87: 711 | U87: 107 | V87: 33 | W87: 155 | X87: 164 | Y87: 179 | Z87: 878 | AA87: 17.5 | AB87: 0.538 | AC87: 3.6 | AD87: =IF(F87=0,0,Z87/F87) -> 15.678571 | AE87: =IFERROR(LEFT(C87,FIND("-",C87)-1),C87) -> C | AF87: =B87&"|"&A87 -> Chris Kaman|2008 | AG87: =SUMPRODUCT(($A$2:$A$4670=A87)*($Z$2:$Z$4670>Z87))+1 -> 102
A88: 2008 | B88: Chris Mihm | C88: C | D88: 28 | E88: LAL | F88: 23 | G88: 5 | H88: 278 | I88: 32 | J88: 95 | K88: 0.337 | L88: 0 | M88: 0 | O88: 18 | P88: 27 | Q88: 0.667 | R88: 28 | S88: 49 | T88: 77 | U88: 13 | V88: 4 | W88: 14 | X88: 17 | Y88: 42 | Z88: 82 | AA88: 7.7 | AB88: 0.384 | AC88: 0 | AD88: =IF(F88=0,0,Z88/F88) -> 3.5652174 | AE88: =IFERROR(LEFT(C88,FIND("-",C88)-1),C88) -> C | AF88: =B88&"|"&A88 -> Chris Mihm|2008 | AG88: =SUMPRODUCT(($A$2:$A$4670=A88)*($Z$2:$Z$4670>Z88))+1 -> 363
A89: 2008 | B89: Chris Paul | C89: PG | D89: 22 | E89: NOH | F89: 80 | G89: 80 | H89: 3006 | I89: 630 | J89: 1291 | K89: 0.488 | L89: 92 | M89: 249 | N89: 0.369 | O89: 332 | P89: 390 | Q89: 0.851 | R89: 62 | S89: 259 | T89: 321 | U89: 925 | V89: 217 | W89: 4 | X89: 201 | Y89: 185 | Z89: 1684 | AA89: 28.3 | AB89: 0.576 | AC89: 17.8 | AD89: =IF(F89=0,0,Z89/F89) -> 21.05 | AE89: =IFERROR(LEFT(C89,FIND("-",C89)-1),C89) -> PG | AF89: =B89&"|"&A89 -> Chris Paul|2008 | AG89: =SUMPRODUCT(($A$2:$A$4670=A89)*($Z$2:$Z$4670>Z89))+1 -> 15
A90: 2008 | B90: Chris Quinn | C90: PG | D90: 24 | E90: MIA | F90: 60 | G90: 25 | H90: 1340 | I90: 158 | J90: 373 | K90: 0.424 | L90: 64 | M90: 159 | N90: 0.403 | O90: 85 | P90: 98 | Q90: 0.867 | R90: 11 | S90: 107 | T90: 118 | U90: 178 | V90: 46 | W90: 4 | X90: 55 | Y90: 90 | Z90: 465 | AA90: 13.8 | AB90: 0.559 | AC90: 2.6 | AD90: =IF(F90=0,0,Z90/F90) -> 7.75 | AE90: =IFERROR(LEFT(C90,FIND("-",C90)-1),C90) -> PG | AF90: =B90&"|"&A90 -> Chris Quinn|2008 | AG90: =SUMPRODUCT(($A$2:$A$4670=A90)*($Z$2:$Z$4670>Z90))+1 -> 212
A91: 2008 | B91: Chris Richard | C91: C | D91: 23 | E91: MIN | F91: 52 | G91: 3 | H91: 556 | I91: 41 | J91: 87 | K91: 0.471 | L91: 0 | M91: 0 | O91: 16 | P91: 27 | Q91: 0.593 | R91: 52 | S91: 83 | T91: 135 | U91: 18 | V91: 10 | W91: 12 | X91: 24 | Y91: 83 | Z91: 98 | AA91: 7.9 | AB91: 0.496 | AC91: 0.4 | AD91: =IF(F91=0,0,Z91/F91) -> 1.8846154 | AE91: =IFERROR(LEFT(C91,FIND("-",C91)-1),C91) -> C | AF91: =B91&"|"&A91 -> Chris Richard|2008 | AG91: =SUMPRODUCT(($A$2:$A$4670=A91)*($Z$2:$Z$4670>Z91))+1 -> 349
A92: 2008 | B92: Chris Webber | C92: PF | D92: 34 | E92: GSW | F92: 9 | G92: 8 | H92: 126 | I92: 15 | J92: 31 | K92: 0.484 | L92: 0 | M92: 0 | O92: 5 | P92: 12 | Q92: 0.417 | R92: 2 | S92: 30 | T92: 32 | U92: 18 | V92: 4 | W92: 6 | X92: 11 | Y92: 17 | Z92: 35 | AA92: 10.7 | AB92: 0.482 | AC92: 0.1 | AD92: =IF(F92=0,0,Z92/F92) -> 3.8888889 | AE92: =IFERROR(LEFT(C92,FIND("-",C92)-1),C92) -> PF | AF92: =B92&"|"&A92 -> Chris Webber|2008 | AG92: =SUMPRODUCT(($A$2:$A$4670=A92)*($Z$2:$Z$4670>Z92))+1 -> 400
A93: 2008 | B93: Chris Wilcox | C93: PF | D93: 25 | E93: SEA | F93: 62 | G93: 55 | H93: 1739 | I93: 334 | J93: 638 | K93: 0.524 | L93: 0 | M93: 3 | N93: 0 | O93: 160 | P93: 248 | Q93: 0.645 | R93: 126 | S93: 307 | T93: 433 | U93: 74 | V93: 46 | W93: 36 | X93: 103 | Y93: 174 | Z93: 828 | AA93: 16.3 | AB93: 0.554 | AC93: 3.4 | AD93: =IF(F93=0,0,Z93/F93) -> 13.354839 | AE93: =IFERROR(LEFT(C93,FIND("-",C93)-1),C93) -> PF | AF93: =B93&"|"&A93 -> Chris Wilcox|2008 | AG93: =SUMPRODUCT(($A$2:$A$4670=A93)*($Z$2:$Z$4670>Z93))+1 -> 116
A94: 2008 | B94: Chuck Hayes | C94: PF | D94: 24 | E94: HOU | F94: 79 | G94: 44 | H94: 1575 | I94: 113 | J94: 221 | K94: 0.511 | L94: 0 | M94: 3 | N94: 0 | O94: 11 | P94: 24 | Q94: 0.458 | R94: 132 | S94: 295 | T94: 427 | U94: 91 | V94: 85 | W94: 43 | X94: 62 | Y94: 212 | Z94: 237 | AA94: 11.2 | AB94: 0.512 | AC94: 4.4 | AD94: =IF(F94=0,0,Z94/F94) -> 3 | AE94: =IFERROR(LEFT(C94,FIND("-",C94)-1),C94) -> PF | AF94: =B94&"|"&A94 -> Chuck Hayes|2008 | AG94: =SUMPRODUCT(($A$2:$A$4670=A94)*($Z$2:$Z$4670>Z94))+1 -> 283
A95: 2008 | B95: Chucky Atkins | C95: SG | D95: 33 | E95: DEN | F95: 24 | G95: 0 | H95: 352 | I95: 42 | J95: 122 | K95: 0.344 | L95: 25 | M95: 79 | N95: 0.316 | O95: 4 | P95: 9 | Q95: 0.444 | R95: 3 | S95: 28 | T95: 31 | U95: 47 | V95: 9 | W95: 1 | X95: 10 | Y95: 27 | Z95: 113 | AA95: 8.9 | AB95: 0.449 | AC95: 0.3 | AD95: =IF(F95=0,0,Z95/F95) -> 4.7083333 | AE95: =IFERROR(LEFT(C95,FIND("-",C95)-1),C95) -> SG | AF95: =B95&"|"&A95 -> Chucky Atkins|2008 | AG95: =SUMPRODUCT(($A$2:$A$4670=A95)*($Z$2:$Z$4670>Z95))+1 -> 341
A96: 2008 | B96: Coby Karl | C96: SG | D96: 24 | E96: LAL | F96: 17 | G96: 0 | H96: 71 | I96: 9 | J96: 26 | K96: 0.346 | L96: 4 | M96: 13 | N96: 0.308 | O96: 8 | P96: 10 | Q96: 0.8 | R96: 3 | S96: 11 | T96: 14 | U96: 9 | V96: 4 | W96: 2 | X96: 5 | Y96: 4 | Z96: 30 | AA96: 15.8 | AB96: 0.493 | AC96: 0.2 | AD96: =IF(F96=0,0,Z96/F96) -> 1.7647059 | AE96: =IFERROR(LEFT(C96,FIND("-",C96)-1),C96) -> SG | AF96: =B96&"|"&A96 -> Coby Karl|2008 | AG96: =SUMPRODUCT(($A$2:$A$4670=A96)*($Z$2:$Z$4670>Z96))+1 -> 407
A97: 2008 | B97: Corey Brewer | C97: SF | D97: 21 | E97: MIN | F97: 79 | G97: 35 | H97: 1803 | I97: 182 | J97: 486 | K97: 0.374 | L97: 7 | M97: 36 | N97: 0.194 | O97: 88 | P97: 110 | Q97: 0.8 | R97: 82 | S97: 210 | T97: 292 | U97: 111 | V97: 76 | W97: 25 | X97: 89 | Y97: 188 | Z97: 459 | AA97: 8.3 | AB97: 0.429 | AC97: -0.2 | AD97: =IF(F97=0,0,Z97/F97) -> 5.8101266 | AE97: =IFERROR(LEFT(C97,FIND("-",C97)-1),C97) -> SF | AF97: =B97&"|"&A97 -> Corey Brewer|2008 | AG97: =SUMPRODUCT(($A$2:$A$4670=A97)*($Z$2:$Z$4670>Z97))+1 -> 218
A98: 2008 | B98: Corey Maggette | C98: SF | D98: 28 | E98: LAC | F98: 70 | G98: 65 | H98: 2502 | I98: 458 | J98: 1000 | K98: 0.458 | L98: 78 | M98: 203 | N98: 0.384 | O98: 553 | P98: 681 | Q98: 0.812 | R98: 78 | S98: 316 | T98: 394 | U98: 189 | V98: 71 | W98: 7 | X98: 195 | Y98: 210 | Z98: 1547 | AA98: 19.3 | AB98: 0.595 | AC98: 6.9 | AD98: =IF(F98=0,0,Z98/F98) -> 22.1 | AE98: =IFERROR(LEFT(C98,FIND("-",C98)-1),C98) -> SF | AF98: =B98&"|"&A98 -> Corey Maggette|2008 | AG98: =SUMPRODUCT(($A$2:$A$4670=A98)*($Z$2:$Z$4670>Z98))+1 -> 28
A99: 2008 | B99: Courtney Sims | C99: C | D99: 24 | E99: IND | F99: 3 | G99: 0 | H99: 11 | I99: 0 | J99: 1 | K99: 0 | L99: 0 | M99: 0 | O99: 0 | P99: 0 | R99: 1 | S99: 1 | T99: 2 | U99: 1 | V99: 0 | W99: 0 | X99: 0 | Y99: 2 | Z99: 0 | AA99: 1.1 | AB99: 0 | AC99: 0 | AD99: =IF(F99=0,0,Z99/F99) -> 0 | AE99: =IFERROR(LEFT(C99,FIND("-",C99)-1),C99) -> C | AF99: =B99&"|"&A99 -> Courtney Sims|2008 | AG99: =SUMPRODUCT(($A$2:$A$4670=A99)*($Z$2:$Z$4670>Z99))+1 -> 450
A100: 2008 | B100: Craig Smith | C100: PF | D100: 24 | E100: MIN | F100: 77 | G100: 11 | H100: 1547 | I100: 297 | J100: 528 | K100: 0.563 | L100: 0 | M100: 9 | N100: 0 | O100: 133 | P100: 200 | Q100: 0.665 | R100: 123 | S100: 230 | T100: 353 | U100: 60 | V100: 36 | W100: 17 | X100: 89 | Y100: 217 | Z100: 727 | AA100: 16.7 | AB100: 0.59 | AC100: 3.5 | AD100: =IF(F100=0,0,Z100/F100) -> 9.4415584 | AE100: =IFERROR(LEFT(C100,FIND("-",C100)-1),C100) -> PF | AF100: =B100&"|"&A100 -> Craig Smith|2008 | AG100: =SUMPRODUCT(($A$2:$A$4670=A100)*($Z$2:$Z$4670>Z100))+1 -> 138
A101: 2008 | B101: Cuttino Mobley | C101: SG | D101: 32 | E101: LAC | F101: 77 | G101: 38 | H101: 2702 | I101: 377 | J101: 870 | K101: 0.433 | L101: 67 | M101: 192 | N101: 0.349 | O101: 163 | P101: 199 | Q101: 0.819 | R101: 50 | S101: 225 | T101: 275 | U101: 202 | V101: 78 | W101: 34 | X101: 123 | Y101: 152 | Z101: 984 | AA101: 11.5 | AB101: 0.514 | AC101: 2.1 | AD101: =IF(F101=0,0,Z101/F101) -> 12.779221 | AE101: =IFERROR(LEFT(C101,FIND("-",C101)-1),C101) -> SG | AF101: =B101&"|"&A101 -> Cuttino Mobley|2008 | AG101: =SUMPRODUCT(($A$2:$A$4670=A101)*($Z$2:$Z$4670>Z101))+1 -> 79
A102: 2008 | B102: D.J. Strawberry | C102: SG | D102: 22 | E102: PHO | F102: 33 | G102: 0 | H102: 270 | I102: 29 | J102: 92 | K102: 0.315 | L102: 6 | M102: 25 | N102: 0.24 | O102: 9 | P102: 19 | Q102: 0.474 | R102: 9 | S102: 19 | T102: 28 | U102: 30 | V102: 12 | W102: 6 | X102: 11 | Y102: 36 | Z102: 73 | AA102: 6.2 | AB102: 0.364 | AC102: -0.2 | AD102: =IF(F102=0,0,Z102/F102) -> 2.2121212 | AE102: =IFERROR(LEFT(C102,FIND("-",C102)-1),C102) -> SG | AF102: =B102&"|"&A102 -> D.J. Strawberry|2008 | AG102: =SUMPRODUCT(($A$2:$A$4670=A102)*($Z$2:$Z$4670>Z102))+1 -> 367
A103: 2008 | B103: Daequan Cook | C103: SG | D103: 20 | E103: MIA | F103: 59 | G103: 19 | H103: 1441 | I103: 196 | J103: 514 | K103: 0.381 | L103: 79 | M103: 238 | N103: 0.332 | O103: 47 | P103: 57 | Q103: 0.825 | R103: 20 | S103: 157 | T103: 177 | U103: 75 | V103: 23 | W103: 9 | X103: 63 | Y103: 157 | Z103: 518 | AA103: 7.9 | AB103: 0.48 | AC103: -0.4 | AD103: =IF(F103=0,0,Z103/F103) -> 8.779661 | AE103: =IFERROR(LEFT(C103,FIND("-",C103)-1),C103) -> SG | AF103: =B103&"|"&A103 -> Daequan Cook|2008 | AG103: =SUMPRODUCT(($A$2:$A$4670=A103)*($Z$2:$Z$4670>Z103))+1 -> 197
A104: 2008 | B104: Dahntay Jones | C104: SG | D104: 27 | E104: SAC | F104: 25 | G104: 0 | H104: 206 | I104: 23 | J104: 53 | K104: 0.434 | L104: 1 | M104: 6 | N104: 0.167 | O104: 34 | P104: 51 | Q104: 0.667 | R104: 7 | S104: 28 | T104: 35 | U104: 12 | V104: 8 | W104: 6 | X104: 10 | Y104: 28 | Z104: 81 | AA104: 13.5 | AB104: 0.537 | AC104: 0.4 | AD104: =IF(F104=0,0,Z104/F104) -> 3.24 | AE104: =IFERROR(LEFT(C104,FIND("-",C104)-1),C104) -> SG | AF104: =B104&"|"&A104 -> Dahntay Jones|2008 | AG104: =SUMPRODUCT(($A$2:$A$4670=A104)*($Z$2:$Z$4670>Z104))+1 -> 364
A105: 2008 | B105: Damien Wilkins | C105: SF | D105: 28 | E105: SEA | F105: 76 | G105: 31 | H105: 1843 | I105: 271 | J105: 673 | K105: 0.403 | L105: 50 | M105: 155 | N105: 0.323 | O105: 106 | P105: 144 | Q105: 0.736 | R105: 72 | S105: 173 | T105: 245 | U105: 150 | V105: 62 | W105: 19 | X105: 89 | Y105: 128 | Z105: 698 | AA105: 11.3 | AB105: 0.474 | AC105: 1 | AD105: =IF(F105=0,0,Z105/F105) -> 9.1842105 | AE105: =IFERROR(LEFT(C105,FIND("-",C105)-1),C105) -> SF | AF105: =B105&"|"&A105 -> Damien Wilkins|2008 | AG105: =SUMPRODUCT(($A$2:$A$4670=A105)*($Z$2:$Z$4670>Z105))+1 -> 144
...

Sheet Player Lookup
A1: PLAYER LOOKUP TOOL
A2: Type a player name and season below to pull their full stat line.
B4: Player Name: | C4: LeBron James
B5: Season: | C5: 2017
B7: Lookup Key: | C7: =C4&"|"&C5 -> LeBron James|2017
B9: Stat | C9: Value
B10: Position | C10: =IFERROR(INDEX('Raw Data'!$C:$C,MATCH($C$7,'Raw Data'!$AF:$AF,0)),"Not found") -> SF
B11: Team | C11: =IFERROR(INDEX('Raw Data'!$E:$E,MATCH($C$7,'Raw Data'!$AF:$AF,0)),"Not found") -> CLE
B12: Age | C12: =IFERROR(INDEX('Raw Data'!$D:$D,MATCH($C$7,'Raw Data'!$AF:$AF,0)),"Not found") -> 32
B13: Games Played | C13: =IFERROR(INDEX('Raw Data'!$F:$F,MATCH($C$7,'Raw Data'!$AF:$AF,0)),"Not found") -> 74
B14: Season Total Points | C14: =IFERROR(INDEX('Raw Data'!$Z:$Z,MATCH($C$7,'Raw Data'!$AF:$AF,0)),"Not found") -> 1954
B15: Points Per Game | C15: =IFERROR(INDEX('Raw Data'!$AD:$AD,MATCH($C$7,'Raw Data'!$AF:$AF,0)),"Not found") -> 26.405405
B16: Total Rebounds | C16: =IFERROR(INDEX('Raw Data'!$T:$T,MATCH($C$7,'Raw Data'!$AF:$AF,0)),"Not found") -> 640
B17: Assists | C17: =IFERROR(INDEX('Raw Data'!$U:$U,MATCH($C$7,'Raw Data'!$AF:$AF,0)),"Not found") -> 646
B18: Steals | C18: =IFERROR(INDEX('Raw Data'!$V:$V,MATCH($C$7,'Raw Data'!$AF:$AF,0)),"Not found") -> 92
B19: Blocks | C19: =IFERROR(INDEX('Raw Data'!$W:$W,MATCH($C$7,'Raw Data'!$AF:$AF,0)),"Not found") -> 44
B20: FG% | C20: =IFERROR(INDEX('Raw Data'!$K:$K,MATCH($C$7,'Raw Data'!$AF:$AF,0)),"Not found") -> 0.548
B21: 3P% | C21: =IFERROR(INDEX('Raw Data'!$N:$N,MATCH($C$7,'Raw Data'!$AF:$AF,0)),"Not found") -> 0.363
B22: FT% | C22: =IFERROR(INDEX('Raw Data'!$Q:$Q,MATCH($C$7,'Raw Data'!$AF:$AF,0)),"Not found") -> 0.674
B23: PER | C23: =IFERROR(INDEX('Raw Data'!$AA:$AA,MATCH($C$7,'Raw Data'!$AF:$AF,0)),"Not found") -> 27
B24: True Shooting % | C24: =IFERROR(INDEX('Raw Data'!$AB:$AB,MATCH($C$7,'Raw Data'!$AF:$AF,0)),"Not found") -> 0.619
B25: Win Shares | C25: =IFERROR(INDEX('Raw Data'!$AC:$AC,MATCH($C$7,'Raw Data'!$AF:$AF,0)),"Not found") -> 12.9
B26: Season Rank by PTS | C26: =IFERROR(INDEX('Raw Data'!$AG:$AG,MATCH($C$7,'Raw Data'!$AF:$AF,0)),"Not found") -> 9

Sheet Season Rankings
A1: SEASON RANKINGS & LEAGUE SUMMARY
A2: Change the season below to refresh every figure on this sheet.
B4: Season: | C4: 2017
B6: Total Players (this season) | D6: =COUNTIF('Raw Data'!$A:$A,$C$4) -> 486
B7: League Avg PPG | D7: =AVERAGEIFS('Raw Data'!$AD:$AD,'Raw Data'!$A:$A,$C$4) -> 8.4263069
B8: League Avg Rebounds | D8: =AVERAGEIFS('Raw Data'!$T:$T,'Raw Data'!$A:$A,$C$4) -> 220.29218
B9: Players Averaging 25+ PPG | D9: =COUNTIFS('Raw Data'!$A:$A,$C$4,'Raw Data'!$AD:$AD,">=25") -> 13
B10: Total League Points Scored | D10: =SUMIF('Raw Data'!$A:$A,$C$4,'Raw Data'!$Z:$Z) -> 259753
B11: Highest Scorer (PTS) | D11: =_xlfn.MAXIFS('Raw Data'!$Z:$Z,'Raw Data'!$A:$A,$C$4) -> 2558
B13: Featured Player Comparison
B14: Featured Player | C14: Rank (Season) | D14: PTS | E14: PPG
B15: LeBron James | C15: =IFERROR(INDEX('Raw Data'!$AG:$AG,MATCH(B15&"|"&$C$4,'Raw Data'!$AF:$AF,0)),"N/A") -> 9 | D15: =IFERROR(INDEX('Raw Data'!$Z:$Z,MATCH(B15&"|"&$C$4,'Raw Data'!$AF:$AF,0)),"N/A") -> 1954 | E15: =IFERROR(INDEX('Raw Data'!$AD:$AD,MATCH(B15&"|"&$C$4,'Raw Data'!$AF:$AF,0)),"N/A") -> 26.405405
B16: Kevin Durant | C16: =IFERROR(INDEX('Raw Data'!$AG:$AG,MATCH(B16&"|"&$C$4,'Raw Data'!$AF:$AF,0)),"N/A") -> 25 | D16: =IFERROR(INDEX('Raw Data'!$Z:$Z,MATCH(B16&"|"&$C$4,'Raw Data'!$AF:$AF,0)),"N/A") -> 1555 | E16: =IFERROR(INDEX('Raw Data'!$AD:$AD,MATCH(B16&"|"&$C$4,'Raw Data'!$AF:$AF,0)),"N/A") -> 25.080645
B17: Dirk Nowitzki | C17: =IFERROR(INDEX('Raw Data'!$AG:$AG,MATCH(B17&"|"&$C$4,'Raw Data'!$AF:$AF,0)),"N/A") -> 124 | D17: =IFERROR(INDEX('Raw Data'!$Z:$Z,MATCH(B17&"|"&$C$4,'Raw Data'!$AF:$AF,0)),"N/A") -> 769 | E17: =IFERROR(INDEX('Raw Data'!$AD:$AD,MATCH(B17&"|"&$C$4,'Raw Data'!$AF:$AF,0)),"N/A") -> 14.240741
B18: Dwyane Wade | C18: =IFERROR(INDEX('Raw Data'!$AG:$AG,MATCH(B18&"|"&$C$4,'Raw Data'!$AF:$AF,0)),"N/A") -> 60 | D18: =IFERROR(INDEX('Raw Data'!$Z:$Z,MATCH(B18&"|"&$C$4,'Raw Data'!$AF:$AF,0)),"N/A") -> 1096 | E18: =IFERROR(INDEX('Raw Data'!$AD:$AD,MATCH(B18&"|"&$C$4,'Raw Data'!$AF:$AF,0)),"N/A") -> 18.266667
B19: Chris Paul | C19: =IFERROR(INDEX('Raw Data'!$AG:$AG,MATCH(B19&"|"&$C$4,'Raw Data'!$AF:$AF,0)),"N/A") -> 59 | D19: =IFERROR(INDEX('Raw Data'!$Z:$Z,MATCH(B19&"|"&$C$4,'Raw Data'!$AF:$AF,0)),"N/A") -> 1104 | E19: =IFERROR(INDEX('Raw Data'!$AD:$AD,MATCH(B19&"|"&$C$4,'Raw Data'!$AF:$AF,0)),"N/A") -> 18.098361

Sheet Position Averages
A1: POSITION AVERAGES & LEAGUE TRENDS
A2: All seasons (2008-2017) combined, grouped by primary position.
B4: Position | C4: Players (Count) | D4: Avg PPG | E4: Avg TRB | F4: Avg AST | G4: Avg FG% | I4: Filter
B5: PG | C5: =COUNTIF('Raw Data'!$AE:$AE,$B5) -> 890 | D5: =AVERAGEIFS('Raw Data'!$AD:$AD,'Raw Data'!$AE:$AE,$B5) -> 8.9733963 | E5: =AVERAGEIFS('Raw Data'!$T:$T,'Raw Data'!$AE:$AE,$B5) -> 140.47303 | F5: =AVERAGEIFS('Raw Data'!$U:$U,'Raw Data'!$AE:$AE,$B5) -> 235.18427 | G5: =AVERAGEIFS('Raw Data'!$K:$K,'Raw Data'!$AE:$AE,$B5) -> 0.4086509
B6: SG | C6: =COUNTIF('Raw Data'!$AE:$AE,$B6) -> 973 | D6: =AVERAGEIFS('Raw Data'!$AD:$AD,'Raw Data'!$AE:$AE,$B6) -> 8.9580262 | E6: =AVERAGEIFS('Raw Data'!$T:$T,'Raw Data'!$AE:$AE,$B6) -> 148.20041 | F6: =AVERAGEIFS('Raw Data'!$U:$U,'Raw Data'!$AE:$AE,$B6) -> 116.02158 | G6: =AVERAGEIFS('Raw Data'!$K:$K,'Raw Data'!$AE:$AE,$B6) -> 0.40941195 | I6: PrimaryPos | J6: Data
B7: SF | C7: =COUNTIF('Raw Data'!$AE:$AE,$B7) -> 895 | D7: =AVERAGEIFS('Raw Data'!$AD:$AD,'Raw Data'!$AE:$AE,$B7) -> 8.35259 | E7: =AVERAGEIFS('Raw Data'!$T:$T,'Raw Data'!$AE:$AE,$B7) -> 205.68715 | F7: =AVERAGEIFS('Raw Data'!$U:$U,'Raw Data'!$AE:$AE,$B7) -> 92.827933 | G7: =AVERAGEIFS('Raw Data'!$K:$K,'Raw Data'!$AE:$AE,$B7) -> 0.42135874 | I7: C
B8: PF | C8: =COUNTIF('Raw Data'!$AE:$AE,$B8) -> 955 | D8: =AVERAGEIFS('Raw Data'!$AD:$AD,'Raw Data'!$AE:$AE,$B8) -> 7.9377294 | E8: =AVERAGEIFS('Raw Data'!$T:$T,'Raw Data'!$AE:$AE,$B8) -> 286.63141 | F8: =AVERAGEIFS('Raw Data'!$U:$U,'Raw Data'!$AE:$AE,$B8) -> 69.08377 | G8: =AVERAGEIFS('Raw Data'!$K:$K,'Raw Data'!$AE:$AE,$B8) -> 0.45932563 | J8: Average - PTS | K8: 433.1318
B9: C | C9: =COUNTIF('Raw Data'!$AE:$AE,$B9) -> 956 | D9: =AVERAGEIFS('Raw Data'!$AD:$AD,'Raw Data'!$AE:$AE,$B9) -> 7.0320292 | E9: =AVERAGEIFS('Raw Data'!$T:$T,'Raw Data'!$AE:$AE,$B9) -> 309.19665 | F9: =AVERAGEIFS('Raw Data'!$U:$U,'Raw Data'!$AE:$AE,$B9) -> 56.09205 | G9: =AVERAGEIFS('Raw Data'!$K:$K,'Raw Data'!$AE:$AE,$B9) -> 0.49919203 | J9: Average - TRB | K9: 309.19665
J10: Average - AST | K10: 56.09205
I11: PF
J12: Average - PTS | K12: 504.35079
J13: Average - TRB | K13: 286.63141
J14: Average - AST | K14: 69.08377
I15: PG
J16: Average - PTS | K16: 561.79888
J17: Average - TRB | K17: 140.47303
J18: Average - AST | K18: 235.18427
I19: SF
J20: Average - PTS | K20: 531.67374
J21: Average - TRB | K21: 205.68715
J22: Average - AST | K22: 92.827933
I23: SG
J24: Average - PTS | K24: 565.67009
J25: Average - TRB | K25: 148.20041
J26: Average - AST | K26: 116.02158
I27: Total Average - PTS | K27: 518.73528
I28: Total Average - TRB | K28: 219.02656
I29: Total Average - AST | K29: 112.41872

Sheet Player Projections
A1: PLAYER STAT PROJECTIONS
A2: FORECAST.LINEAR projects each player's 2018 PPG from their 2008-2017 trend.
A4: Season | B4: LeBron James | C4: Kevin Durant | D4: Dirk Nowitzki | E4: Dwyane Wade | F4: Chris Paul
A5: 2008 | B5: =IFERROR(INDEX('Raw Data'!$AD:$AD,MATCH(B$4&"|"&$A5,'Raw Data'!$AF:$AF,0)),"") -> 30 | C5: =IFERROR(INDEX('Raw Data'!$AD:$AD,MATCH(C$4&"|"&$A5,'Raw Data'!$AF:$AF,0)),"") -> 20.3 | D5: =IFERROR(INDEX('Raw Data'!$AD:$AD,MATCH(D$4&"|"&$A5,'Raw Data'!$AF:$AF,0)),"") -> 23.597403 | E5: =IFERROR(INDEX('Raw Data'!$AD:$AD,MATCH(E$4&"|"&$A5,'Raw Data'!$AF:$AF,0)),"") -> 24.588235 | F5: =IFERROR(INDEX('Raw Data'!$AD:$AD,MATCH(F$4&"|"&$A5,'Raw Data'!$AF:$AF,0)),"") -> 21.05
A6: 2009 | B6: =IFERROR(INDEX('Raw Data'!$AD:$AD,MATCH(B$4&"|"&$A6,'Raw Data'!$AF:$AF,0)),"") -> 28.444444 | C6: =IFERROR(INDEX('Raw Data'!$AD:$AD,MATCH(C$4&"|"&$A6,'Raw Data'!$AF:$AF,0)),"") -> 25.283784 | D6: =IFERROR(INDEX('Raw Data'!$AD:$AD,MATCH(D$4&"|"&$A6,'Raw Data'!$AF:$AF,0)),"") -> 25.851852 | E6: =IFERROR(INDEX('Raw Data'!$AD:$AD,MATCH(E$4&"|"&$A6,'Raw Data'!$AF:$AF,0)),"") -> 30.202532 | F6: =IFERROR(INDEX('Raw Data'!$AD:$AD,MATCH(F$4&"|"&$A6,'Raw Data'!$AF:$AF,0)),"") -> 22.833333
A7: 2010 | B7: =IFERROR(INDEX('Raw Data'!$AD:$AD,MATCH(B$4&"|"&$A7,'Raw Data'!$AF:$AF,0)),"") -> 29.710526 | C7: =IFERROR(INDEX('Raw Data'!$AD:$AD,MATCH(C$4&"|"&$A7,'Raw Data'!$AF:$AF,0)),"") -> 30.146341 | D7: =IFERROR(INDEX('Raw Data'!$AD:$AD,MATCH(D$4&"|"&$A7,'Raw Data'!$AF:$AF,0)),"") -> 25.024691 | E7: =IFERROR(INDEX('Raw Data'!$AD:$AD,MATCH(E$4&"|"&$A7,'Raw Data'!$AF:$AF,0)),"") -> 26.558442 | F7: =IFERROR(INDEX('Raw Data'!$AD:$AD,MATCH(F$4&"|"&$A7,'Raw Data'!$AF:$AF,0)),"") -> 18.688889
A8: 2011 | B8: =IFERROR(INDEX('Raw Data'!$AD:$AD,MATCH(B$4&"|"&$A8,'Raw Data'!$AF:$AF,0)),"") -> 26.721519 | C8: =IFERROR(INDEX('Raw Data'!$AD:$AD,MATCH(C$4&"|"&$A8,'Raw Data'!$AF:$AF,0)),"") -> 27.705128 | D8: =IFERROR(INDEX('Raw Data'!$AD:$AD,MATCH(D$4&"|"&$A8,'Raw Data'!$AF:$AF,0)),"") -> 23.027397 | E8: =IFERROR(INDEX('Raw Data'!$AD:$AD,MATCH(E$4&"|"&$A8,'Raw Data'!$AF:$AF,0)),"") -> 25.539474 | F8: =IFERROR(INDEX('Raw Data'!$AD:$AD,MATCH(F$4&"|"&$A8,'Raw Data'!$AF:$AF,0)),"") -> 15.85
A9: 2012 | B9: =IFERROR(INDEX('Raw Data'!$AD:$AD,MATCH(B$4&"|"&$A9,'Raw Data'!$AF:$AF,0)),"") -> 27.145161 | C9: =IFERROR(INDEX('Raw Data'!$AD:$AD,MATCH(C$4&"|"&$A9,'Raw Data'!$AF:$AF,0)),"") -> 28.030303 | D9: =IFERROR(INDEX('Raw Data'!$AD:$AD,MATCH(D$4&"|"&$A9,'Raw Data'!$AF:$AF,0)),"") -> 21.645161 | E9: =IFERROR(INDEX('Raw Data'!$AD:$AD,MATCH(E$4&"|"&$A9,'Raw Data'!$AF:$AF,0)),"") -> 22.081633 | F9: =IFERROR(INDEX('Raw Data'!$AD:$AD,MATCH(F$4&"|"&$A9,'Raw Data'!$AF:$AF,0)),"") -> 19.816667
A10: 2013 | B10: =IFERROR(INDEX('Raw Data'!$AD:$AD,MATCH(B$4&"|"&$A10,'Raw Data'!$AF:$AF,0)),"") -> 26.789474 | C10: =IFERROR(INDEX('Raw Data'!$AD:$AD,MATCH(C$4&"|"&$A10,'Raw Data'!$AF:$AF,0)),"") -> 28.148148 | D10: =IFERROR(INDEX('Raw Data'!$AD:$AD,MATCH(D$4&"|"&$A10,'Raw Data'!$AF:$AF,0)),"") -> 17.301887 | E10: =IFERROR(INDEX('Raw Data'!$AD:$AD,MATCH(E$4&"|"&$A10,'Raw Data'!$AF:$AF,0)),"") -> 21.202899 | F10: =IFERROR(INDEX('Raw Data'!$AD:$AD,MATCH(F$4&"|"&$A10,'Raw Data'!$AF:$AF,0)),"") -> 16.942857
A11: 2014 | B11: =IFERROR(INDEX('Raw Data'!$AD:$AD,MATCH(B$4&"|"&$A11,'Raw Data'!$AF:$AF,0)),"") -> 27.12987 | C11: =IFERROR(INDEX('Raw Data'!$AD:$AD,MATCH(C$4&"|"&$A11,'Raw Data'!$AF:$AF,0)),"") -> 32.012346 | D11: =IFERROR(INDEX('Raw Data'!$AD:$AD,MATCH(D$4&"|"&$A11,'Raw Data'!$AF:$AF,0)),"") -> 21.6875 | E11: =IFERROR(INDEX('Raw Data'!$AD:$AD,MATCH(E$4&"|"&$A11,'Raw Data'!$AF:$AF,0)),"") -> 19.037037 | F11: =IFERROR(INDEX('Raw Data'!$AD:$AD,MATCH(F$4&"|"&$A11,'Raw Data'!$AF:$AF,0)),"") -> 19.112903
A12: 2015 | B12: =IFERROR(INDEX('Raw Data'!$AD:$AD,MATCH(B$4&"|"&$A12,'Raw Data'!$AF:$AF,0)),"") -> 25.26087 | C12: =IFERROR(INDEX('Raw Data'!$AD:$AD,MATCH(C$4&"|"&$A12,'Raw Data'!$AF:$AF,0)),"") -> 25.407407 | D12: =IFERROR(INDEX('Raw Data'!$AD:$AD,MATCH(D$4&"|"&$A12,'Raw Data'!$AF:$AF,0)),"") -> 17.311688 | E12: =IFERROR(INDEX('Raw Data'!$AD:$AD,MATCH(E$4&"|"&$A12,'Raw Data'!$AF:$AF,0)),"") -> 21.467742 | F12: =IFERROR(INDEX('Raw Data'!$AD:$AD,MATCH(F$4&"|"&$A12,'Raw Data'!$AF:$AF,0)),"") -> 19.073171
A13: 2016 | B13: =IFERROR(INDEX('Raw Data'!$AD:$AD,MATCH(B$4&"|"&$A13,'Raw Data'!$AF:$AF,0)),"") -> 25.263158 | C13: =IFERROR(INDEX('Raw Data'!$AD:$AD,MATCH(C$4&"|"&$A13,'Raw Data'!$AF:$AF,0)),"") -> 28.180556 | D13: =IFERROR(INDEX('Raw Data'!$AD:$AD,MATCH(D$4&"|"&$A13,'Raw Data'!$AF:$AF,0)),"") -> 18.293333 | E13: =IFERROR(INDEX('Raw Data'!$AD:$AD,MATCH(E$4&"|"&$A13,'Raw Data'!$AF:$AF,0)),"") -> 19.040541 | F13: =IFERROR(INDEX('Raw Data'!$AD:$AD,MATCH(F$4&"|"&$A13,'Raw Data'!$AF:$AF,0)),"") -> 19.540541
A14: 2017 | B14: =IFERROR(INDEX('Raw Data'!$AD:$AD,MATCH(B$4&"|"&$A14,'Raw Data'!$AF:$AF,0)),"") -> 26.405405 | C14: =IFERROR(INDEX('Raw Data'!$AD:$AD,MATCH(C$4&"|"&$A14,'Raw Data'!$AF:$AF,0)),"") -> 25.080645 | D14: =IFERROR(INDEX('Raw Data'!$AD:$AD,MATCH(D$4&"|"&$A14,'Raw Data'!$AF:$AF,0)),"") -> 14.240741 | E14: =IFERROR(INDEX('Raw Data'!$AD:$AD,MATCH(E$4&"|"&$A14,'Raw Data'!$AF:$AF,0)),"") -> 18.266667 | F14: =IFERROR(INDEX('Raw Data'!$AD:$AD,MATCH(F$4&"|"&$A14,'Raw Data'!$AF:$AF,0)),"") -> 18.098361
A15: 2018 | B15: =_xlfn.FORECAST.LINEAR(2018,B5:B14,$A5:$A14) -> 24.753734 | C15: =_xlfn.FORECAST.LINEAR(2018,C5:C14,$A5:$A14) -> 28.7844 | D15: =_xlfn.FORECAST.LINEAR(2018,D5:D14,$A5:$A14) -> 14.663246 | E15: =_xlfn.FORECAST.LINEAR(2018,E5:E14,$A5:$A14) -> 16.7696 | F15: =_xlfn.FORECAST.LINEAR(2018,F5:F14,$A5:$A14) -> 17.741406
