Workbook

Sheet README
A1: NFL Betting Trends -- Portfolio Project
A2: Data analyst portfolio piece | Built in Excel (openpyxl + native pivot tables)
A4: Data Source
A5: "NFL scores and betting data" -- Kaggle dataset by tobycrabtree. https://www.kaggle.com/datasets/tobycrabtree/nfl-scores-and-betting-data
A6: Filtered to the 2010-2017 regular and post-season (2,136 games). The original spreadspoke_scores.csv has no team-abbreviation column, so the Team Reference sheet was hand-built from public NFL franchise history and checked against the distinct HomeTeam/AwayTeam/FavoriteTeamID values that actually appear in this slice, to guarantee every VLOOKUP resolves cleanly with no broken matches.
A8: Why this dataset
A9: Betting-line data forces a different lookup problem than a typical "look up a name" exercise: team identity is split across two different coding schemes (full names vs. abbreviations) that have to be reconciled before any team-level analysis works. That makes VLOOKUP the natural tool here, instead of force-fitting it in.
A11: Technique Map
A12: Technique / Function | B12: Sheet | C12: Cell(s) | D12: Purpose
A13: VLOOKUP | B13: Raw Data | C13: M2, N2 (cols M-N) | D13: Translates full team names into the abbreviation scheme used by FavoriteTeamID.
A14: Nested IF | B14: Raw Data | C14: O2, R2 (Winner, FavoriteSide) | D14: Derives the game winner and which side was favored.
A15: Nested IF (nested 3 deep) | B15: Raw Data | C15: T2 (ATSResult) | D15: Determines whether the favorite covered the spread, using the spread-sign convention.
A16: IF | B16: Raw Data | C16: U2 (OUResult) | D16: Compares final score total against the Over/Under line.
A17: COUNTIF | B17: Team Performance Summary | C17: B5:C36 | D17: Games played and wins per team, combining home + away counts.
A18: AVERAGEIF | B18: Team Performance Summary | C18: E5:E36 | D18: Average home scoring margin per team.
A19: COUNTIFS (2 & 3 criteria) | B19: Team Performance Summary | C19: F5:G36 | D19: Times favored, and cover rate when favored, per team.
A20: Conditional formatting (color scale) | B20: Team Performance Summary | C20: D5:D36, H5:H36 | D20: Highlights best/worst win % and cover rate.
A21: COUNTIF / COUNTIFS | B21: Trends by Season | C21: B6:F13 | D21: Season-level game, Over, and ATS-cover counts.
A22: Native Pivot Table | B22: Trends by Season | C22: I4 | D22: Game count cross-tabbed by Season x Over/Under result.
A23: Line Chart | B23: Trends by Season | C23: below table | D23: Visualizes the Over Rate trend across seasons.
A26: Tip: click any formula cell across this workbook -- cells with a small red corner marker have a comment explaining the technique used, in addition to this map.

Sheet Team Reference
A1: TEAM NAME -> ABBREVIATION REFERENCE
A2: Manually compiled by the analyst from public NFL franchise history; not part of the original Kaggle file.
A4: Team Name | B4: Abbreviation
A5: Arizona Cardinals | B5: ARI
A6: Atlanta Falcons | B6: ATL
A7: Baltimore Ravens | B7: BAL
A8: Buffalo Bills | B8: BUF
A9: Carolina Panthers | B9: CAR
A10: Chicago Bears | B10: CHI
A11: Cincinnati Bengals | B11: CIN
A12: Cleveland Browns | B12: CLE
A13: Dallas Cowboys | B13: DAL
A14: Denver Broncos | B14: DEN
A15: Detroit Lions | B15: DET
... A38: Washington Redskins | B38: WAS

Sheet Raw Data
A1: Date | B1: Season | C1: Week | D1: HomeTeam | E1: AwayTeam | F1: HomeScore | G1: AwayScore | H1: FavoriteTeamID | I1: SpreadFavorite | J1: OverUnderLine | K1: Stadium | L1: IsPlayoff | M1: HomeAbbrev | N1: AwayAbbrev | O1: Winner | P1: HomeMargin | Q1: TotalPoints | R1: FavoriteSide | S1: FavoriteMargin | T1: ATSResult | U1: OUResult
A2: 09/09/2010 | B2: 2010 | C2: 1 | D2: New Orleans Saints | E2: Minnesota Vikings | F2: 14 | G2: 9 | H2: NO | I2: -5 | J2: 49.5 | K2: Louisiana Superdome | L2: =FALSE() -> FALSE | M2: =VLOOKUP(D2,'Team Reference'!$A:$B,2,FALSE()) -> NO | N2: =VLOOKUP(E2,'Team Reference'!$A:$B,2,FALSE()) -> MIN | O2: =IF(F2>G2,M2,IF(G2>F2,N2,"Tie")) -> NO | P2: =F2-G2 -> 5 | Q2: =F2+G2 -> 23 | R2: =IF(H2=M2,"Home",IF(H2=N2,"Away",IF(H2="PICK","Pick","N/A"))) -> Home | S2: =IF(R2="Home",P2,IF(R2="Away",-P2,"")) -> 5 | T2: =IF(R2="Pick","No Line",IF(S2="","N/A",IF(S2+I2>0,"Favorite Covered",IF(S2+I2<0,"Underdog Covered","Push")))) -> Push | U2: =IF(Q2>J2,"Over",IF(Q2<J2,"Under","Push")) -> Under
A3: 09/12/2010 | B3: 2010 | C3: 1 | D3: Buffalo Bills | E3: Miami Dolphins | F3: 10 | G3: 15 | H3: MIA | I3: -3 | J3: 39 | K3: Ralph Wilson Stadium | L3: =FALSE() -> FALSE | M3: =VLOOKUP(D3,'Team Reference'!$A:$B,2,FALSE()) -> BUF | N3: =VLOOKUP(E3,'Team Reference'!$A:$B,2,FALSE()) -> MIA | O3: =IF(F3>G3,M3,IF(G3>F3,N3,"Tie")) -> MIA | P3: =F3-G3 -> -5 | Q3: =F3+G3 -> 25 | R3: =IF(H3=M3,"Home",IF(H3=N3,"Away",IF(H3="PICK","Pick","N/A"))) -> Away | S3: =IF(R3="Home",P3,IF(R3="Away",-P3,"")) -> 5 | T3: =IF(R3="Pick","No Line",IF(S3="","N/A",IF(S3+I3>0,"Favorite Covered",IF(S3+I3<0,"Underdog Covered","Push")))) -> Favorite Covered | U3: =IF(Q3>J3,"Over",IF(Q3<J3,"Under","Push")) -> Under
A4: 09/12/2010 | B4: 2010 | C4: 1 | D4: Chicago Bears | E4: Detroit Lions | F4: 19 | G4: 14 | H4: CHI | I4: -6.5 | J4: 45 | K4: Soldier Field | L4: =FALSE() -> FALSE | M4: =VLOOKUP(D4,'Team Reference'!$A:$B,2,FALSE()) -> CHI | N4: =VLOOKUP(E4,'Team Reference'!$A:$B,2,FALSE()) -> DET | O4: =IF(F4>G4,M4,IF(G4>F4,N4,"Tie")) -> CHI | P4: =F4-G4 -> 5 | Q4: =F4+G4 -> 33 | R4: =IF(H4=M4,"Home",IF(H4=N4,"Away",IF(H4="PICK","Pick","N/A"))) -> Home | S4: =IF(R4="Home",P4,IF(R4="Away",-P4,"")) -> 5 | T4: =IF(R4="Pick","No Line",IF(S4="","N/A",IF(S4+I4>0,"Favorite Covered",IF(S4+I4<0,"Underdog Covered","Push")))) -> Underdog Covered | U4: =IF(Q4>J4,"Over",IF(Q4<J4,"Under","Push")) -> Under
A5: 09/12/2010 | B5: 2010 | C5: 1 | D5: Houston Texans | E5: Indianapolis Colts | F5: 34 | G5: 24 | H5: IND | I5: -1 | J5: 48 | K5: Reliant Stadium | L5: =FALSE() -> FALSE | M5: =VLOOKUP(D5,'Team Reference'!$A:$B,2,FALSE()) -> HOU | N5: =VLOOKUP(E5,'Team Reference'!$A:$B,2,FALSE()) -> IND | O5: =IF(F5>G5,M5,IF(G5>F5,N5,"Tie")) -> HOU | P5: =F5-G5 -> 10 | Q5: =F5+G5 -> 58 | R5: =IF(H5=M5,"Home",IF(H5=N5,"Away",IF(H5="PICK","Pick","N/A"))) -> Away | S5: =IF(R5="Home",P5,IF(R5="Away",-P5,"")) -> -10 | T5: =IF(R5="Pick","No Line",IF(S5="","N/A",IF(S5+I5>0,"Favorite Covered",IF(S5+I5<0,"Underdog Covered","Push")))) -> Underdog Covered | U5: =IF(Q5>J5,"Over",IF(Q5<J5,"Under","Push")) -> Over
A6: 09/12/2010 | B6: 2010 | C6: 1 | D6: Jacksonville Jaguars | E6: Denver Broncos | F6: 24 | G6: 17 | H6: JAX | I6: -3 | J6: 41.5 | K6: EverBank Field | L6: =FALSE() -> FALSE | M6: =VLOOKUP(D6,'Team Reference'!$A:$B,2,FALSE()) -> JAX | N6: =VLOOKUP(E6,'Team Reference'!$A:$B,2,FALSE()) -> DEN | O6: =IF(F6>G6,M6,IF(G6>F6,N6,"Tie")) -> JAX | P6: =F6-G6 -> 7 | Q6: =F6+G6 -> 41 | R6: =IF(H6=M6,"Home",IF(H6=N6,"Away",IF(H6="PICK","Pick","N/A"))) -> Home | S6: =IF(R6="Home",P6,IF(R6="Away",-P6,"")) -> 7 | T6: =IF(R6="Pick","No Line",IF(S6="","N/A",IF(S6+I6>0,"Favorite Covered",IF(S6+I6<0,"Underdog Covered","Push")))) -> Favorite Covered | U6: =IF(Q6>J6,"Over",IF(Q6<J6,"Under","Push")) -> Under
A7: 09/12/2010 | B7: 2010 | C7: 1 | D7: New England Patriots | E7: Cincinnati Bengals | F7: 38 | G7: 24 | H7: NE | I7: -5.5 | J7: 45 | K7: Gillette Stadium | L7: =FALSE() -> FALSE | M7: =VLOOKUP(D7,'Team Reference'!$A:$B,2,FALSE()) -> NE | N7: =VLOOKUP(E7,'Team Reference'!$A:$B,2,FALSE()) -> CIN | O7: =IF(F7>G7,M7,IF(G7>F7,N7,"Tie")) -> NE | P7: =F7-G7 -> 14 | Q7: =F7+G7 -> 62 | R7: =IF(H7=M7,"Home",IF(H7=N7,"Away",IF(H7="PICK","Pick","N/A"))) -> Home | S7: =IF(R7="Home",P7,IF(R7="Away",-P7,"")) -> 14 | T7: =IF(R7="Pick","No Line",IF(S7="","N/A",IF(S7+I7>0,"Favorite Covered",IF(S7+I7<0,"Underdog Covered","Push")))) -> Favorite Covered | U7: =IF(Q7>J7,"Over",IF(Q7<J7,"Under","Push")) -> Over
A8: 09/12/2010 | B8: 2010 | C8: 1 | D8: New York Giants | E8: Carolina Panthers | F8: 31 | G8: 18 | H8: NYG | I8: -6 | J8: 41 | K8: MetLife Stadium | L8: =FALSE() -> FALSE | M8: =VLOOKUP(D8,'Team Reference'!$A:$B,2,FALSE()) -> NYG | N8: =VLOOKUP(E8,'Team Reference'!$A:$B,2,FALSE()) -> CAR | O8: =IF(F8>G8,M8,IF(G8>F8,N8,"Tie")) -> NYG | P8: =F8-G8 -> 13 | Q8: =F8+G8 -> 49 | R8: =IF(H8=M8,"Home",IF(H8=N8,"Away",IF(H8="PICK","Pick","N/A"))) -> Home | S8: =IF(R8="Home",P8,IF(R8="Away",-P8,"")) -> 13 | T8: =IF(R8="Pick","No Line",IF(S8="","N/A",IF(S8+I8>0,"Favorite Covered",IF(S8+I8<0,"Underdog Covered","Push")))) -> Favorite Covered | U8: =IF(Q8>J8,"Over",IF(Q8<J8,"Under","Push")) -> Over
A9: 09/12/2010 | B9: 2010 | C9: 1 | D9: Philadelphia Eagles | E9: Green Bay Packers | F9: 20 | G9: 27 | H9: GB | I9: -3 | J9: 48 | K9: Lincoln Financial Field | L9: =FALSE() -> FALSE | M9: =VLOOKUP(D9,'Team Reference'!$A:$B,2,FALSE()) -> PHI | N9: =VLOOKUP(E9,'Team Reference'!$A:$B,2,FALSE()) -> GB | O9: =IF(F9>G9,M9,IF(G9>F9,N9,"Tie")) -> GB | P9: =F9-G9 -> -7 | Q9: =F9+G9 -> 47 | R9: =IF(H9=M9,"Home",IF(H9=N9,"Away",IF(H9="PICK","Pick","N/A"))) -> Away | S9: =IF(R9="Home",P9,IF(R9="Away",-P9,"")) -> 7 | T9: =IF(R9="Pick","No Line",IF(S9="","N/A",IF(S9+I9>0,"Favorite Covered",IF(S9+I9<0,"Underdog Covered","Push")))) -> Favorite Covered | U9: =IF(Q9>J9,"Over",IF(Q9<J9,"Under","Push")) -> Under
A10: 09/12/2010 | B10: 2010 | C10: 1 | D10: Pittsburgh Steelers | E10: Atlanta Falcons | F10: 15 | G10: 9 | H10: ATL | I10: -1.5 | J10: 39.5 | K10: Heinz Field | L10: =FALSE() -> FALSE | M10: =VLOOKUP(D10,'Team Reference'!$A:$B,2,FALSE()) -> PIT | N10: =VLOOKUP(E10,'Team Reference'!$A:$B,2,FALSE()) -> ATL | O10: =IF(F10>G10,M10,IF(G10>F10,N10,"Tie")) -> PIT | P10: =F10-G10 -> 6 | Q10: =F10+G10 -> 24 | R10: =IF(H10=M10,"Home",IF(H10=N10,"Away",IF(H10="PICK","Pick","N/A"))) -> Away | S10: =IF(R10="Home",P10,IF(R10="Away",-P10,"")) -> -6 | T10: =IF(R10="Pick","No Line",IF(S10="","N/A",IF(S10+I10>0,"Favorite Covered",IF(S10+I10<0,"Underdog Covered","Push")))) -> Underdog Covered | U10: =IF(Q10>J10,"Over",IF(Q10<J10,"Under","Push")) -> Under
A11: 09/12/2010 | B11: 2010 | C11: 1 | D11: Seattle Seahawks | E11: San Francisco 49ers | F11: 31 | G11: 6 | H11: SF | I11: -3 | J11: 37 | K11: CenturyLink Field | L11: =FALSE() -> FALSE | M11: =VLOOKUP(D11,'Team Reference'!$A:$B,2,FALSE()) -> SEA | N11: =VLOOKUP(E11,'Team Reference'!$A:$B,2,FALSE()) -> SF | O11: =IF(F11>G11,M11,IF(G11>F11,N11,"Tie")) -> SEA | P11: =F11-G11 -> 25 | Q11: =F11+G11 -> 37 | R11: =IF(H11=M11,"Home",IF(H11=N11,"Away",IF(H11="PICK","Pick","N/A"))) -> Away | S11: =IF(R11="Home",P11,IF(R11="Away",-P11,"")) -> -25 | T11: =IF(R11="Pick","No Line",IF(S11="","N/A",IF(S11+I11>0,"Favorite Covered",IF(S11+I11<0,"Underdog Covered","Push")))) -> Underdog Covered | U11: =IF(Q11>J11,"Over",IF(Q11<J11,"Under","Push")) -> Push
A12: 09/12/2010 | B12: 2010 | C12: 1 | D12: St. Louis Rams | E12: Arizona Cardinals | F12: 13 | G12: 17 | H12: ARI | I12: -3 | J12: 39.5 | K12: Edward Jones Dome | L12: =FALSE() -> FALSE | M12: =VLOOKUP(D12,'Team Reference'!$A:$B,2,FALSE()) -> LAR | N12: =VLOOKUP(E12,'Team Reference'!$A:$B,2,FALSE()) -> ARI | O12: =IF(F12>G12,M12,IF(G12>F12,N12,"Tie")) -> ARI | P12: =F12-G12 -> -4 | Q12: =F12+G12 -> 30 | R12: =IF(H12=M12,"Home",IF(H12=N12,"Away",IF(H12="PICK","Pick","N/A"))) -> Away | S12: =IF(R12="Home",P12,IF(R12="Away",-P12,"")) -> 4 | T12: =IF(R12="Pick","No Line",IF(S12="","N/A",IF(S12+I12>0,"Favorite Covered",IF(S12+I12<0,"Underdog Covered","Push")))) -> Favorite Covered | U12: =IF(Q12>J12,"Over",IF(Q12<J12,"Under","Push")) -> Under
A13: 09/12/2010 | B13: 2010 | C13: 1 | D13: Tampa Bay Buccaneers | E13: Cleveland Browns | F13: 17 | G13: 14 | H13: TB | I13: -2.5 | J13: 37 | K13: Raymond James Stadium | L13: =FALSE() -> FALSE | M13: =VLOOKUP(D13,'Team Reference'!$A:$B,2,FALSE()) -> TB | N13: =VLOOKUP(E13,'Team Reference'!$A:$B,2,FALSE()) -> CLE | O13: =IF(F13>G13,M13,IF(G13>F13,N13,"Tie")) -> TB | P13: =F13-G13 -> 3 | Q13: =F13+G13 -> 31 | R13: =IF(H13=M13,"Home",IF(H13=N13,"Away",IF(H13="PICK","Pick","N/A"))) -> Home | S13: =IF(R13="Home",P13,IF(R13="Away",-P13,"")) -> 3 | T13: =IF(R13="Pick","No Line",IF(S13="","N/A",IF(S13+I13>0,"Favorite Covered",IF(S13+I13<0,"Underdog Covered","Push")))) -> Favorite Covered | U13: =IF(Q13>J13,"Over",IF(Q13<J13,"Under","Push")) -> Under
... A257: 01/02/2011 | B257: 2010 | C257: 17 | D257: Washington Redskins | E257: New York Giants | F257: 14 | G257: 17 | H257: NYG | I257: -4 | J257: 44.5 | K257: FedExField | L257: =FALSE() -> FALSE | M257: =VLOOKUP(D257,'Team Reference'!$A:$B,2,FALSE()) -> WAS | N257: =VLOOKUP(E257,'Team Reference'!$A:$B,2,FALSE()) -> NYG | O257: =IF(F257>G257,M257,IF(G257>F257,N257,"Tie")) -> NYG | P257: =F257-G257 -> -3 | Q257: =F257+G257 -> 31 | R257: =IF(H257=M257,"Home",IF(H257=N257,"Away",IF(H257="PICK","Pick","N/A"))) -> Away | S257: =IF(R257="Home",P257,IF(R257="Away",-P257,"")) -> 3 | T257: =IF(R257="Pick","No Line",IF(S257="","N/A",IF(S257+I257>0,"Favorite Covered",IF(S257+I257<0,"Underdog Covered","Push")))) -> Underdog Covered | U257: =IF(Q257>J257,"Over",IF(Q257<J257,"Under","Push")) -> Under
A258: 01/08/2011 | B258: 2010 | C258: Wildcard | D258: Indianapolis Colts | E258: New York Jets | F258: 16 | G258: 17 | H258: IND | I258: -2 | J258: 44.5 | L258: =TRUE() -> TRUE | M258: =VLOOKUP(D258,'Team Reference'!$A:$B,2,FALSE()) -> IND | N258: =VLOOKUP(E258,'Team Reference'!$A:$B,2,FALSE()) -> NYJ | O258: =IF(F258>G258,M258,IF(G258>F258,N258,"Tie")) -> NYJ | P258: =F258-G258 -> -1 | Q258: =F258+G258 -> 33 | R258: =IF(H258=M258,"Home",IF(H258=N258,"Away",IF(H258="PICK","Pick","N/A"))) -> Home | S258: =IF(R258="Home",P258,IF(R258="Away",-P258,"")) -> -1 | T258: =IF(R258="Pick","No Line",IF(S258="","N/A",IF(S258+I258>0,"Favorite Covered",IF(S258+I258<0,"Underdog Covered","Push")))) -> Underdog Covered | U258: =IF(Q258>J258,"Over",IF(Q258<J258,"Under","Push")) -> Under
A259: 01/08/2011 | B259: 2010 | C259: Wildcard | D259: Seattle Seahawks | E259: New Orleans Saints | F259: 41 | G259: 36 | H259: NO | I259: -10 | J259: 46 | L259: =TRUE() -> TRUE | M259: =VLOOKUP(D259,'Team Reference'!$A:$B,2,FALSE()) -> SEA | N259: =VLOOKUP(E259,'Team Reference'!$A:$B,2,FALSE()) -> NO | O259: =IF(F259>G259,M259,IF(G259>F259,N259,"Tie")) -> SEA | P259: =F259-G259 -> 5 | Q259: =F259+G259 -> 77 | R259: =IF(H259=M259,"Home",IF(H259=N259,"Away",IF(H259="PICK","Pick","N/A"))) -> Away | S259: =IF(R259="Home",P259,IF(R259="Away",-P259,"")) -> -5 | T259: =IF(R259="Pick","No Line",IF(S259="","N/A",IF(S259+I259>0,"Favorite Covered",IF(S259+I259<0,"Underdog Covered","Push")))) -> Underdog Covered | U259: =IF(Q259>J259,"Over",IF(Q259<J259,"Under","Push")) -> Over
A260: 01/09/2011 | B260: 2010 | C260: Wildcard | D260: Kansas City Chiefs | E260: Baltimore Ravens | F260: 7 | G260: 30 | H260: BAL | I260: -3 | J260: 41 | L260: =TRUE() -> TRUE | M260: =VLOOKUP(D260,'Team Reference'!$A:$B,2,FALSE()) -> KC | N260: =VLOOKUP(E260,'Team Reference'!$A:$B,2,FALSE()) -> BAL | O260: =IF(F260>G260,M260,IF(G260>F260,N260,"Tie")) -> BAL | P260: =F260-G260 -> -23 | Q260: =F260+G260 -> 37 | R260: =IF(H260=M260,"Home",IF(H260=N260,"Away",IF(H260="PICK","Pick","N/A"))) -> Away | S260: =IF(R260="Home",P260,IF(R260="Away",-P260,"")) -> 23 | T260: =IF(R260="Pick","No Line",IF(S260="","N/A",IF(S260+I260>0,"Favorite Covered",IF(S260+I260<0,"Underdog Covered","Push")))) -> Favorite Covered | U260: =IF(Q260>J260,"Over",IF(Q260<J260,"Under","Push")) -> Under
A261: 01/09/2011 | B261: 2010 | C261: Wildcard | D261: Philadelphia Eagles | E261: Green Bay Packers | F261: 16 | G261: 21 | H261: PHI | I261: -2.5 | J261: 47 | L261: =TRUE() -> TRUE | M261: =VLOOKUP(D261,'Team Reference'!$A:$B,2,FALSE()) -> PHI | N261: =VLOOKUP(E261,'Team Reference'!$A:$B,2,FALSE()) -> GB | O261: =IF(F261>G261,M261,IF(G261>F261,N261,"Tie")) -> GB | P261: =F261-G261 -> -5 | Q261: =F261+G261 -> 37 | R261: =IF(H261=M261,"Home",IF(H261=N261,"Away",IF(H261="PICK","Pick","N/A"))) -> Home | S261: =IF(R261="Home",P261,IF(R261="Away",-P261,"")) -> -5 | T261: =IF(R261="Pick","No Line",IF(S261="","N/A",IF(S261+I261>0,"Favorite Covered",IF(S261+I261<0,"Underdog Covered","Push")))) -> Underdog Covered | U261: =IF(Q261>J261,"Over",IF(Q261<J261,"Under","Push")) -> Under
A262: 01/15/2011 | B262: 2010 | C262: Division | D262: Atlanta Falcons | E262: Green Bay Packers | F262: 21 | G262: 48 | H262: ATL | I262: -1.5 | J262: 43.5 | K262: Georgia Dome | L262: =TRUE() -> TRUE | M262: =VLOOKUP(D262,'Team Reference'!$A:$B,2,FALSE()) -> ATL | N262: =VLOOKUP(E262,'Team Reference'!$A:$B,2,FALSE()) -> GB | O262: =IF(F262>G262,M262,IF(G262>F262,N262,"Tie")) -> GB | P262: =F262-G262 -> -27 | Q262: =F262+G262 -> 69 | R262: =IF(H262=M262,"Home",IF(H262=N262,"Away",IF(H262="PICK","Pick","N/A"))) -> Home | S262: =IF(R262="Home",P262,IF(R262="Away",-P262,"")) -> -27 | T262: =IF(R262="Pick","No Line",IF(S262="","N/A",IF(S262+I262>0,"Favorite Covered",IF(S262+I262<0,"Underdog Covered","Push")))) -> Underdog Covered | U262: =IF(Q262>J262,"Over",IF(Q262<J262,"Under","Push")) -> Over
A263: 01/15/2011 | B263: 2010 | C263: Division | D263: Pittsburgh Steelers | E263: Baltimore Ravens | F263: 31 | G263: 24 | H263: PIT | I263: -3 | J263: 37 | L263: =TRUE() -> TRUE | M263: =VLOOKUP(D263,'Team Reference'!$A:$B,2,FALSE()) -> PIT | N263: =VLOOKUP(E263,'Team Reference'!$A:$B,2,FALSE()) -> BAL | O263: =IF(F263>G263,M263,IF(G263>F263,N263,"Tie")) -> PIT | P263: =F263-G263 -> 7 | Q263: =F263+G263 -> 55 | R263: =IF(H263=M263,"Home",IF(H263=N263,"Away",IF(H263="PICK","Pick","N/A"))) -> Home | S263: =IF(R263="Home",P263,IF(R263="Away",-P263,"")) -> 7 | T263: =IF(R263="Pick","No Line",IF(S263="","N/A",IF(S263+I263>0,"Favorite Covered",IF(S263+I263<0,"Underdog Covered","Push")))) -> Favorite Covered | U263: =IF(Q263>J263,"Over",IF(Q263<J263,"Under","Push")) -> Over
A264: 01/16/2011 | B264: 2010 | C264: Division | D264: Chicago Bears | E264: Seattle Seahawks | F264: 35 | G264: 24 | H264: CHI | I264: -10 | J264: 43 | K264: Soldier Field | L264: =TRUE() -> TRUE | M264: =VLOOKUP(D264,'Team Reference'!$A:$B,2,FALSE()) -> CHI | N264: =VLOOKUP(E264,'Team Reference'!$A:$B,2,FALSE()) -> SEA | O264: =IF(F264>G264,M264,IF(G264>F264,N264,"Tie")) -> CHI | P264: =F264-G264 -> 11 | Q264: =F264+G264 -> 59 | R264: =IF(H264=M264,"Home",IF(H264=N264,"Away",IF(H264="PICK","Pick","N/A"))) -> Home | S264: =IF(R264="Home",P264,IF(R264="Away",-P264,"")) -> 11 | T264: =IF(R264="Pick","No Line",IF(S264="","N/A",IF(S264+I264>0,"Favorite Covered",IF(S264+I264<0,"Underdog Covered","Push")))) -> Favorite Covered | U264: =IF(Q264>J264,"Over",IF(Q264<J264,"Under","Push")) -> Over
A265: 01/16/2011 | B265: 2010 | C265: Division | D265: New England Patriots | E265: New York Jets | F265: 21 | G265: 28 | H265: NE | I265: -9.5 | J265: 45 | L265: =TRUE() -> TRUE | M265: =VLOOKUP(D265,'Team Reference'!$A:$B,2,FALSE()) -> NE | N265: =VLOOKUP(E265,'Team Reference'!$A:$B,2,FALSE()) -> NYJ | O265: =IF(F265>G265,M265,IF(G265>F265,N265,"Tie")) -> NYJ | P265: =F265-G265 -> -7 | Q265: =F265+G265 -> 49 | R265: =IF(H265=M265,"Home",IF(H265=N265,"Away",IF(H265="PICK","Pick","N/A"))) -> Home | S265: =IF(R265="Home",P265,IF(R265="Away",-P265,"")) -> -7 | T265: =IF(R265="Pick","No Line",IF(S265="","N/A",IF(S265+I265>0,"Favorite Covered",IF(S265+I265<0,"Underdog Covered","Push")))) -> Underdog Covered | U265: =IF(Q265>J265,"Over",IF(Q265<J265,"Under","Push")) -> Over
A266: 01/23/2011 | B266: 2010 | C266: Conference | D266: Chicago Bears | E266: Green Bay Packers | F266: 14 | G266: 21 | H266: GB | I266: -3.5 | J266: 42.5 | K266: Soldier Field | L266: =TRUE() -> TRUE | M266: =VLOOKUP(D266,'Team Reference'!$A:$B,2,FALSE()) -> CHI | N266: =VLOOKUP(E266,'Team Reference'!$A:$B,2,FALSE()) -> GB | O266: =IF(F266>G266,M266,IF(G266>F266,N266,"Tie")) -> GB | P266: =F266-G266 -> -7 | Q266: =F266+G266 -> 35 | R266: =IF(H266=M266,"Home",IF(H266=N266,"Away",IF(H266="PICK","Pick","N/A"))) -> Away | S266: =IF(R266="Home",P266,IF(R266="Away",-P266,"")) -> 7 | T266: =IF(R266="Pick","No Line",IF(S266="","N/A",IF(S266+I266>0,"Favorite Covered",IF(S266+I266<0,"Underdog Covered","Push")))) -> Favorite Covered | U266: =IF(Q266>J266,"Over",IF(Q266<J266,"Under","Push")) -> Under
A267: 01/23/2011 | B267: 2010 | C267: Conference | D267: Pittsburgh Steelers | E267: New York Jets | F267: 24 | G267: 19 | H267: PIT | I267: -4 | J267: 38 | L267: =TRUE() -> TRUE | M267: =VLOOKUP(D267,'Team Reference'!$A:$B,2,FALSE()) -> PIT | N267: =VLOOKUP(E267,'Team Reference'!$A:$B,2,FALSE()) -> NYJ | O267: =IF(F267>G267,M267,IF(G267>F267,N267,"Tie")) -> PIT | P267: =F267-G267 -> 5 | Q267: =F267+G267 -> 43 | R267: =IF(H267=M267,"Home",IF(H267=N267,"Away",IF(H267="PICK","Pick","N/A"))) -> Home | S267: =IF(R267="Home",P267,IF(R267="Away",-P267,"")) -> 5 | T267: =IF(R267="Pick","No Line",IF(S267="","N/A",IF(S267+I267>0,"Favorite Covered",IF(S267+I267<0,"Underdog Covered","Push")))) -> Favorite Covered | U267: =IF(Q267>J267,"Over",IF(Q267<J267,"Under","Push")) -> Over
A268: 02/06/2011 | B268: 2010 | C268: Superbowl | D268: Green Bay Packers | E268: Pittsburgh Steelers | F268: 31 | G268: 25 | H268: GB | I268: -3 | J268: 45 | K268: Cowboys Stadium | L268: =TRUE() -> TRUE | M268: =VLOOKUP(D268,'Team Reference'!$A:$B,2,FALSE()) -> GB | N268: =VLOOKUP(E268,'Team Reference'!$A:$B,2,FALSE()) -> PIT | O268: =IF(F268>G268,M268,IF(G268>F268,N268,"Tie")) -> GB | P268: =F268-G268 -> 6 | Q268: =F268+G268 -> 56 | R268: =IF(H268=M268,"Home",IF(H268=N268,"Away",IF(H268="PICK","Pick","N/A"))) -> Home | S268: =IF(R268="Home",P268,IF(R268="Away",-P268,"")) -> 6 | T268: =IF(R268="Pick","No Line",IF(S268="","N/A",IF(S268+I268>0,"Favorite Covered",IF(S268+I268<0,"Underdog Covered","Push")))) -> Favorite Covered | U268: =IF(Q268>J268,"Over",IF(Q268<J268,"Under","Push")) -> Over
A269: 09/08/2011 | B269: 2011 | C269: 1 | D269: Green Bay Packers | E269: New Orleans Saints | F269: 42 | G269: 34 | H269: GB | I269: -5 | J269: 48 | K269: Lambeau Field | L269: =FALSE() -> FALSE | M269: =VLOOKUP(D269,'Team Reference'!$A:$B,2,FALSE()) -> GB | N269: =VLOOKUP(E269,'Team Reference'!$A:$B,2,FALSE()) -> NO | O269: =IF(F269>G269,M269,IF(G269>F269,N269,"Tie")) -> GB | P269: =F269-G269 -> 8 | Q269: =F269+G269 -> 76 | R269: =IF(H269=M269,"Home",IF(H269=N269,"Away",IF(H269="PICK","Pick","N/A"))) -> Home | S269: =IF(R269="Home",P269,IF(R269="Away",-P269,"")) -> 8 | T269: =IF(R269="Pick","No Line",IF(S269="","N/A",IF(S269+I269>0,"Favorite Covered",IF(S269+I269<0,"Underdog Covered","Push")))) -> Favorite Covered | U269: =IF(Q269>J269,"Over",IF(Q269<J269,"Under","Push")) -> Over
A270: 09/11/2011 | B270: 2011 | C270: 1 | D270: Arizona Cardinals | E270: Carolina Panthers | F270: 28 | G270: 21 | H270: ARI | I270: -7 | J270: 37.5 | K270: University of Phoenix Stadium | L270: =FALSE() -> FALSE | M270: =VLOOKUP(D270,'Team Reference'!$A:$B,2,FALSE()) -> ARI | N270: =VLOOKUP(E270,'Team Reference'!$A:$B,2,FALSE()) -> CAR | O270: =IF(F270>G270,M270,IF(G270>F270,N270,"Tie")) -> ARI | P270: =F270-G270 -> 7 | Q270: =F270+G270 -> 49 | R270: =IF(H270=M270,"Home",IF(H270=N270,"Away",IF(H270="PICK","Pick","N/A"))) -> Home | S270: =IF(R270="Home",P270,IF(R270="Away",-P270,"")) -> 7 | T270: =IF(R270="Pick","No Line",IF(S270="","N/A",IF(S270+I270>0,"Favorite Covered",IF(S270+I270<0,"Underdog Covered","Push")))) -> Push | U270: =IF(Q270>J270,"Over",IF(Q270<J270,"Under","Push")) -> Over
A271: 09/11/2011 | B271: 2011 | C271: 1 | D271: Baltimore Ravens | E271: Pittsburgh Steelers | F271: 35 | G271: 7 | H271: BAL | I271: -1.5 | J271: 37 | K271: M&T Bank Stadium | L271: =FALSE() -> FALSE | M271: =VLOOKUP(D271,'Team Reference'!$A:$B,2,FALSE()) -> BAL | N271: =VLOOKUP(E271,'Team Reference'!$A:$B,2,FALSE()) -> PIT | O271: =IF(F271>G271,M271,IF(G271>F271,N271,"Tie")) -> BAL | P271: =F271-G271 -> 28 | Q271: =F271+G271 -> 42 | R271: =IF(H271=M271,"Home",IF(H271=N271,"Away",IF(H271="PICK","Pick","N/A"))) -> Home | S271: =IF(R271="Home",P271,IF(R271="Away",-P271,"")) -> 28 | T271: =IF(R271="Pick","No Line",IF(S271="","N/A",IF(S271+I271>0,"Favorite Covered",IF(S271+I271<0,"Underdog Covered","Push")))) -> Favorite Covered | U271: =IF(Q271>J271,"Over",IF(Q271<J271,"Under","Push")) -> Over
A272: 09/11/2011 | B272: 2011 | C272: 1 | D272: Chicago Bears | E272: Atlanta Falcons | F272: 30 | G272: 12 | H272: ATL | I272: -1.5 | J272: 41 | K272: Soldier Field | L272: =FALSE() -> FALSE | M272: =VLOOKUP(D272,'Team Reference'!$A:$B,2,FALSE()) -> CHI | N272: =VLOOKUP(E272,'Team Reference'!$A:$B,2,FALSE()) -> ATL | O272: =IF(F272>G272,M272,IF(G272>F272,N272,"Tie")) -> CHI | P272: =F272-G272 -> 18 | Q272: =F272+G272 -> 42 | R272: =IF(H272=M272,"Home",IF(H272=N272,"Away",IF(H272="PICK","Pick","N/A"))) -> Away | S272: =IF(R272="Home",P272,IF(R272="Away",-P272,"")) -> -18 | T272: =IF(R272="Pick","No Line",IF(S272="","N/A",IF(S272+I272>0,"Favorite Covered",IF(S272+I272<0,"Underdog Covered","Push")))) -> Underdog Covered | U272: =IF(Q272>J272,"Over",IF(Q272<J272,"Under","Push")) -> Over
A273: 09/11/2011 | B273: 2011 | C273: 1 | D273: Cleveland Browns | E273: Cincinnati Bengals | F273: 17 | G273: 27 | H273: CLE | I273: -7 | J273: 36.5 | K273: FirstEnergy Stadium | L273: =FALSE() -> FALSE | M273: =VLOOKUP(D273,'Team Reference'!$A:$B,2,FALSE()) -> CLE | N273: =VLOOKUP(E273,'Team Reference'!$A:$B,2,FALSE()) -> CIN | O273: =IF(F273>G273,M273,IF(G273>F273,N273,"Tie")) -> CIN | P273: =F273-G273 -> -10 | Q273: =F273+G273 -> 44 | R273: =IF(H273=M273,"Home",IF(H273=N273,"Away",IF(H273="PICK","Pick","N/A"))) -> Home | S273: =IF(R273="Home",P273,IF(R273="Away",-P273,"")) -> -10 | T273: =IF(R273="Pick","No Line",IF(S273="","N/A",IF(S273+I273>0,"Favorite Covered",IF(S273+I273<0,"Underdog Covered","Push")))) -> Underdog Covered | U273: =IF(Q273>J273,"Over",IF(Q273<J273,"Under","Push")) -> Over
A274: 09/11/2011 | B274: 2011 | C274: 1 | D274: Houston Texans | E274: Indianapolis Colts | F274: 34 | G274: 7 | H274: HOU | I274: -9 | J274: 44 | K274: Reliant Stadium | L274: =FALSE() -> FALSE | M274: =VLOOKUP(D274,'Team Reference'!$A:$B,2,FALSE()) -> HOU | N274: =VLOOKUP(E274,'Team Reference'!$A:$B,2,FALSE()) -> IND | O274: =IF(F274>G274,M274,IF(G274>F274,N274,"Tie")) -> HOU | P274: =F274-G274 -> 27 | Q274: =F274+G274 -> 41 | R274: =IF(H274=M274,"Home",IF(H274=N274,"Away",IF(H274="PICK","Pick","N/A"))) -> Home | S274: =IF(R274="Home",P274,IF(R274="Away",-P274,"")) -> 27 | T274: =IF(R274="Pick","No Line",IF(S274="","N/A",IF(S274+I274>0,"Favorite Covered",IF(S274+I274<0,"Underdog Covered","Push")))) -> Favorite Covered | U274: =IF(Q274>J274,"Over",IF(Q274<J274,"Under","Push")) -> Under
A275: 09/11/2011 | B275: 2011 | C275: 1 | D275: Jacksonville Jaguars | E275: Tennessee Titans | F275: 16 | G275: 14 | H275: TEN | I275: -1.5 | J275: 38 | K275: EverBank Field | L275: =FALSE() -> FALSE | M275: =VLOOKUP(D275,'Team Reference'!$A:$B,2,FALSE()) -> JAX | N275: =VLOOKUP(E275,'Team Reference'!$A:$B,2,FALSE()) -> TEN | O275: =IF(F275>G275,M275,IF(G275>F275,N275,"Tie")) -> JAX | P275: =F275-G275 -> 2 | Q275: =F275+G275 -> 30 | R275: =IF(H275=M275,"Home",IF(H275=N275,"Away",IF(H275="PICK","Pick","N/A"))) -> Away | S275: =IF(R275="Home",P275,IF(R275="Away",-P275,"")) -> -2 | T275: =IF(R275="Pick","No Line",IF(S275="","N/A",IF(S275+I275>0,"Favorite Covered",IF(S275+I275<0,"Underdog Covered","Push")))) -> Underdog Covered | U275: =IF(Q275>J275,"Over",IF(Q275<J275,"Under","Push")) -> Under
A276: 09/11/2011 | B276: 2011 | C276: 1 | D276: Kansas City Chiefs | E276: Buffalo Bills | F276: 7 | G276: 41 | H276: KC | I276: -3.5 | J276: 40 | K276: Arrowhead Stadium | L276: =FALSE() -> FALSE | M276: =VLOOKUP(D276,'Team Reference'!$A:$B,2,FALSE()) -> KC | N276: =VLOOKUP(E276,'Team Reference'!$A:$B,2,FALSE()) -> BUF | O276: =IF(F276>G276,M276,IF(G276>F276,N276,"Tie")) -> BUF | P276: =F276-G276 -> -34 | Q276: =F276+G276 -> 48 | R276: =IF(H276=M276,"Home",IF(H276=N276,"Away",IF(H276="PICK","Pick","N/A"))) -> Home | S276: =IF(R276="Home",P276,IF(R276="Away",-P276,"")) -> -34 | T276: =IF(R276="Pick","No Line",IF(S276="","N/A",IF(S276+I276>0,"Favorite Covered",IF(S276+I276<0,"Underdog Covered","Push")))) -> Underdog Covered | U276: =IF(Q276>J276,"Over",IF(Q276<J276,"Under","Push")) -> Over
A277: 09/11/2011 | B277: 2011 | C277: 1 | D277: New York Jets | E277: Dallas Cowboys | F277: 27 | G277: 24 | H277: NYJ | I277: -6 | J277: 41 | K277: MetLife Stadium | L277: =FALSE() -> FALSE | M277: =VLOOKUP(D277,'Team Reference'!$A:$B,2,FALSE()) -> NYJ | N277: =VLOOKUP(E277,'Team Reference'!$A:$B,2,FALSE()) -> DAL | O277: =IF(F277>G277,M277,IF(G277>F277,N277,"Tie")) -> NYJ | P277: =F277-G277 -> 3 | Q277: =F277+G277 -> 51 | R277: =IF(H277=M277,"Home",IF(H277=N277,"Away",IF(H277="PICK","Pick","N/A"))) -> Home | S277: =IF(R277="Home",P277,IF(R277="Away",-P277,"")) -> 3 | T277: =IF(R277="Pick","No Line",IF(S277="","N/A",IF(S277+I277>0,"Favorite Covered",IF(S277+I277<0,"Underdog Covered","Push")))) -> Underdog Covered | U277: =IF(Q277>J277,"Over",IF(Q277<J277,"Under","Push")) -> Over
A278: 09/11/2011 | B278: 2011 | C278: 1 | D278: San Diego Chargers | E278: Minnesota Vikings | F278: 24 | G278: 17 | H278: LAC | I278: -8.5 | J278: 43 | K278: Qualcomm Stadium | L278: =FALSE() -> FALSE | M278: =VLOOKUP(D278,'Team Reference'!$A:$B,2,FALSE()) -> LAC | N278: =VLOOKUP(E278,'Team Reference'!$A:$B,2,FALSE()) -> MIN | O278: =IF(F278>G278,M278,IF(G278>F278,N278,"Tie")) -> LAC | P278: =F278-G278 -> 7 | Q278: =F278+G278 -> 41 | R278: =IF(H278=M278,"Home",IF(H278=N278,"Away",IF(H278="PICK","Pick","N/A"))) -> Home | S278: =IF(R278="Home",P278,IF(R278="Away",-P278,"")) -> 7 | T278: =IF(R278="Pick","No Line",IF(S278="","N/A",IF(S278+I278>0,"Favorite Covered",IF(S278+I278<0,"Underdog Covered","Push")))) -> Underdog Covered | U278: =IF(Q278>J278,"Over",IF(Q278<J278,"Under","Push")) -> Under
A279: 09/11/2011 | B279: 2011 | C279: 1 | D279: San Francisco 49ers | E279: Seattle Seahawks | F279: 33 | G279: 17 | H279: SF | I279: -6 | J279: 38 | K279: Candlestick Park | L279: =FALSE() -> FALSE | M279: =VLOOKUP(D279,'Team Reference'!$A:$B,2,FALSE()) -> SF | N279: =VLOOKUP(E279,'Team Reference'!$A:$B,2,FALSE()) -> SEA | O279: =IF(F279>G279,M279,IF(G279>F279,N279,"Tie")) -> SF | P279: =F279-G279 -> 16 | Q279: =F279+G279 -> 50 | R279: =IF(H279=M279,"Home",IF(H279=N279,"Away",IF(H279="PICK","Pick","N/A"))) -> Home | S279: =IF(R279="Home",P279,IF(R279="Away",-P279,"")) -> 16 | T279: =IF(R279="Pick","No Line",IF(S279="","N/A",IF(S279+I279>0,"Favorite Covered",IF(S279+I279<0,"Underdog Covered","Push")))) -> Favorite Covered | U279: =IF(Q279>J279,"Over",IF(Q279<J279,"Under","Push")) -> Over
A280: 09/11/2011 | B280: 2011 | C280: 1 | D280: St. Louis Rams | E280: Philadelphia Eagles | F280: 13 | G280: 31 | H280: PHI | I280: -4 | J280: 44.5 | K280: Edward Jones Dome | L280: =FALSE() -> FALSE | M280: =VLOOKUP(D280,'Team Reference'!$A:$B,2,FALSE()) -> LAR | N280: =VLOOKUP(E280,'Team Reference'!$A:$B,2,FALSE()) -> PHI | O280: =IF(F280>G280,M280,IF(G280>F280,N280,"Tie")) -> PHI | P280: =F280-G280 -> -18 | Q280: =F280+G280 -> 44 | R280: =IF(H280=M280,"Home",IF(H280=N280,"Away",IF(H280="PICK","Pick","N/A"))) -> Away | S280: =IF(R280="Home",P280,IF(R280="Away",-P280,"")) -> 18 | T280: =IF(R280="Pick","No Line",IF(S280="","N/A",IF(S280+I280>0,"Favorite Covered",IF(S280+I280<0,"Underdog Covered","Push")))) -> Favorite Covered | U280: =IF(Q280>J280,"Over",IF(Q280<J280,"Under","Push")) -> Under
... A524: 01/01/2012 | B524: 2011 | C524: 17 | D524: St. Louis Rams | E524: San Francisco 49ers | F524: 27 | G524: 34 | H524: SF | I524: -12.5 | J524: 34.5 | K524: Edward Jones Dome | L524: =FALSE() -> FALSE | M524: =VLOOKUP(D524,'Team Reference'!$A:$B,2,FALSE()) -> LAR | N524: =VLOOKUP(E524,'Team Reference'!$A:$B,2,FALSE()) -> SF | O524: =IF(F524>G524,M524,IF(G524>F524,N524,"Tie")) -> SF | P524: =F524-G524 -> -7 | Q524: =F524+G524 -> 61 | R524: =IF(H524=M524,"Home",IF(H524=N524,"Away",IF(H524="PICK","Pick","N/A"))) -> Away | S524: =IF(R524="Home",P524,IF(R524="Away",-P524,"")) -> 7 | T524: =IF(R524="Pick","No Line",IF(S524="","N/A",IF(S524+I524>0,"Favorite Covered",IF(S524+I524<0,"Underdog Covered","Push")))) -> Underdog Covered | U524: =IF(Q524>J524,"Over",IF(Q524<J524,"Under","Push")) -> Over
A525: 01/07/2012 | B525: 2011 | C525: Wildcard | D525: Houston Texans | E525: Cincinnati Bengals | F525: 31 | G525: 10 | H525: HOU | I525: -4 | J525: 38 | L525: =TRUE() -> TRUE | M525: =VLOOKUP(D525,'Team Reference'!$A:$B,2,FALSE()) -> HOU | N525: =VLOOKUP(E525,'Team Reference'!$A:$B,2,FALSE()) -> CIN | O525: =IF(F525>G525,M525,IF(G525>F525,N525,"Tie")) -> HOU | P525: =F525-G525 -> 21 | Q525: =F525+G525 -> 41 | R525: =IF(H525=M525,"Home",IF(H525=N525,"Away",IF(H525="PICK","Pick","N/A"))) -> Home | S525: =IF(R525="Home",P525,IF(R525="Away",-P525,"")) -> 21 | T525: =IF(R525="Pick","No Line",IF(S525="","N/A",IF(S525+I525>0,"Favorite Covered",IF(S525+I525<0,"Underdog Covered","Push")))) -> Favorite Covered | U525: =IF(Q525>J525,"Over",IF(Q525<J525,"Under","Push")) -> Over
A526: 01/07/2012 | B526: 2011 | C526: Wildcard | D526: New Orleans Saints | E526: Detroit Lions | F526: 45 | G526: 28 | H526: NO | I526: -10.5 | J526: 60 | L526: =TRUE() -> TRUE | M526: =VLOOKUP(D526,'Team Reference'!$A:$B,2,FALSE()) -> NO | N526: =VLOOKUP(E526,'Team Reference'!$A:$B,2,FALSE()) -> DET | O526: =IF(F526>G526,M526,IF(G526>F526,N526,"Tie")) -> NO | P526: =F526-G526 -> 17 | Q526: =F526+G526 -> 73 | R526: =IF(H526=M526,"Home",IF(H526=N526,"Away",IF(H526="PICK","Pick","N/A"))) -> Home | S526: =IF(R526="Home",P526,IF(R526="Away",-P526,"")) -> 17 | T526: =IF(R526="Pick","No Line",IF(S526="","N/A",IF(S526+I526>0,"Favorite Covered",IF(S526+I526<0,"Underdog Covered","Push")))) -> Favorite Covered | U526: =IF(Q526>J526,"Over",IF(Q526<J526,"Under","Push")) -> Over
A527: 01/08/2012 | B527: 2011 | C527: Wildcard | D527: Denver Broncos | E527: Pittsburgh Steelers | F527: 29 | G527: 23 | H527: PIT | I527: -7.5 | J527: 34 | L527: =TRUE() -> TRUE | M527: =VLOOKUP(D527,'Team Reference'!$A:$B,2,FALSE()) -> DEN | N527: =VLOOKUP(E527,'Team Reference'!$A:$B,2,FALSE()) -> PIT | O527: =IF(F527>G527,M527,IF(G527>F527,N527,"Tie")) -> DEN | P527: =F527-G527 -> 6 | Q527: =F527+G527 -> 52 | R527: =IF(H527=M527,"Home",IF(H527=N527,"Away",IF(H527="PICK","Pick","N/A"))) -> Away | S527: =IF(R527="Home",P527,IF(R527="Away",-P527,"")) -> -6 | T527: =IF(R527="Pick","No Line",IF(S527="","N/A",IF(S527+I527>0,"Favorite Covered",IF(S527+I527<0,"Underdog Covered","Push")))) -> Underdog Covered | U527: =IF(Q527>J527,"Over",IF(Q527<J527,"Under","Push")) -> Over
A528: 01/08/2012 | B528: 2011 | C528: Wildcard | D528: New York Giants | E528: Atlanta Falcons | F528: 24 | G528: 2 | H528: NYG | I528: -3 | J528: 48 | L528: =TRUE() -> TRUE | M528: =VLOOKUP(D528,'Team Reference'!$A:$B,2,FALSE()) -> NYG | N528: =VLOOKUP(E528,'Team Reference'!$A:$B,2,FALSE()) -> ATL | O528: =IF(F528>G528,M528,IF(G528>F528,N528,"Tie")) -> NYG | P528: =F528-G528 -> 22 | Q528: =F528+G528 -> 26 | R528: =IF(H528=M528,"Home",IF(H528=N528,"Away",IF(H528="PICK","Pick","N/A"))) -> Home | S528: =IF(R528="Home",P528,IF(R528="Away",-P528,"")) -> 22 | T528: =IF(R528="Pick","No Line",IF(S528="","N/A",IF(S528+I528>0,"Favorite Covered",IF(S528+I528<0,"Underdog Covered","Push")))) -> Favorite Covered | U528: =IF(Q528>J528,"Over",IF(Q528<J528,"Under","Push")) -> Under
A529: 01/14/2012 | B529: 2011 | C529: Division | D529: New England Patriots | E529: Denver Broncos | F529: 45 | G529: 10 | H529: NE | I529: -13.5 | J529: 50 | L529: =TRUE() -> TRUE | M529: =VLOOKUP(D529,'Team Reference'!$A:$B,2,FALSE()) -> NE | N529: =VLOOKUP(E529,'Team Reference'!$A:$B,2,FALSE()) -> DEN | O529: =IF(F529>G529,M529,IF(G529>F529,N529,"Tie")) -> NE | P529: =F529-G529 -> 35 | Q529: =F529+G529 -> 55 | R529: =IF(H529=M529,"Home",IF(H529=N529,"Away",IF(H529="PICK","Pick","N/A"))) -> Home | S529: =IF(R529="Home",P529,IF(R529="Away",-P529,"")) -> 35 | T529: =IF(R529="Pick","No Line",IF(S529="","N/A",IF(S529+I529>0,"Favorite Covered",IF(S529+I529<0,"Underdog Covered","Push")))) -> Favorite Covered | U529: =IF(Q529>J529,"Over",IF(Q529<J529,"Under","Push")) -> Over
A530: 01/14/2012 | B530: 2011 | C530: Division | D530: San Francisco 49ers | E530: New Orleans Saints | F530: 36 | G530: 32 | H530: NO | I530: -3.5 | J530: 47 | L530: =TRUE() -> TRUE | M530: =VLOOKUP(D530,'Team Reference'!$A:$B,2,FALSE()) -> SF | N530: =VLOOKUP(E530,'Team Reference'!$A:$B,2,FALSE()) -> NO | O530: =IF(F530>G530,M530,IF(G530>F530,N530,"Tie")) -> SF | P530: =F530-G530 -> 4 | Q530: =F530+G530 -> 68 | R530: =IF(H530=M530,"Home",IF(H530=N530,"Away",IF(H530="PICK","Pick","N/A"))) -> Away | S530: =IF(R530="Home",P530,IF(R530="Away",-P530,"")) -> -4 | T530: =IF(R530="Pick","No Line",IF(S530="","N/A",IF(S530+I530>0,"Favorite Covered",IF(S530+I530<0,"Underdog Covered","Push")))) -> Underdog Covered | U530: =IF(Q530>J530,"Over",IF(Q530<J530,"Under","Push")) -> Over
A531: 01/15/2012 | B531: 2011 | C531: Division | D531: Baltimore Ravens | E531: Houston Texans | F531: 20 | G531: 13 | H531: BAL | I531: -8 | J531: 37.5 | K531: M&T Bank Stadium | L531: =TRUE() -> TRUE | M531: =VLOOKUP(D531,'Team Reference'!$A:$B,2,FALSE()) -> BAL | N531: =VLOOKUP(E531,'Team Reference'!$A:$B,2,FALSE()) -> HOU | O531: =IF(F531>G531,M531,IF(G531>F531,N531,"Tie")) -> BAL | P531: =F531-G531 -> 7 | Q531: =F531+G531 -> 33 | R531: =IF(H531=M531,"Home",IF(H531=N531,"Away",IF(H531="PICK","Pick","N/A"))) -> Home | S531: =IF(R531="Home",P531,IF(R531="Away",-P531,"")) -> 7 | T531: =IF(R531="Pick","No Line",IF(S531="","N/A",IF(S531+I531>0,"Favorite Covered",IF(S531+I531<0,"Underdog Covered","Push")))) -> Underdog Covered | U531: =IF(Q531>J531,"Over",IF(Q531<J531,"Under","Push")) -> Under
A532: 01/15/2012 | B532: 2011 | C532: Division | D532: Green Bay Packers | E532: New York Giants | F532: 20 | G532: 37 | H532: GB | I532: -8 | J532: 54.5 | L532: =TRUE() -> TRUE | M532: =VLOOKUP(D532,'Team Reference'!$A:$B,2,FALSE()) -> GB | N532: =VLOOKUP(E532,'Team Reference'!$A:$B,2,FALSE()) -> NYG | O532: =IF(F532>G532,M532,IF(G532>F532,N532,"Tie")) -> NYG | P532: =F532-G532 -> -17 | Q532: =F532+G532 -> 57 | R532: =IF(H532=M532,"Home",IF(H532=N532,"Away",IF(H532="PICK","Pick","N/A"))) -> Home | S532: =IF(R532="Home",P532,IF(R532="Away",-P532,"")) -> -17 | T532: =IF(R532="Pick","No Line",IF(S532="","N/A",IF(S532+I532>0,"Favorite Covered",IF(S532+I532<0,"Underdog Covered","Push")))) -> Underdog Covered | U532: =IF(Q532>J532,"Over",IF(Q532<J532,"Under","Push")) -> Over
A533: 01/22/2012 | B533: 2011 | C533: Conference | D533: New England Patriots | E533: Baltimore Ravens | F533: 23 | G533: 20 | H533: NE | I533: -7 | J533: 50 | L533: =TRUE() -> TRUE | M533: =VLOOKUP(D533,'Team Reference'!$A:$B,2,FALSE()) -> NE | N533: =VLOOKUP(E533,'Team Reference'!$A:$B,2,FALSE()) -> BAL | O533: =IF(F533>G533,M533,IF(G533>F533,N533,"Tie")) -> NE | P533: =F533-G533 -> 3 | Q533: =F533+G533 -> 43 | R533: =IF(H533=M533,"Home",IF(H533=N533,"Away",IF(H533="PICK","Pick","N/A"))) -> Home | S533: =IF(R533="Home",P533,IF(R533="Away",-P533,"")) -> 3 | T533: =IF(R533="Pick","No Line",IF(S533="","N/A",IF(S533+I533>0,"Favorite Covered",IF(S533+I533<0,"Underdog Covered","Push")))) -> Underdog Covered | U533: =IF(Q533>J533,"Over",IF(Q533<J533,"Under","Push")) -> Under
A534: 01/22/2012 | B534: 2011 | C534: Conference | D534: San Francisco 49ers | E534: New York Giants | F534: 17 | G534: 20 | H534: SF | I534: -2 | J534: 41.5 | L534: =TRUE() -> TRUE | M534: =VLOOKUP(D534,'Team Reference'!$A:$B,2,FALSE()) -> SF | N534: =VLOOKUP(E534,'Team Reference'!$A:$B,2,FALSE()) -> NYG | O534: =IF(F534>G534,M534,IF(G534>F534,N534,"Tie")) -> NYG | P534: =F534-G534 -> -3 | Q534: =F534+G534 -> 37 | R534: =IF(H534=M534,"Home",IF(H534=N534,"Away",IF(H534="PICK","Pick","N/A"))) -> Home | S534: =IF(R534="Home",P534,IF(R534="Away",-P534,"")) -> -3 | T534: =IF(R534="Pick","No Line",IF(S534="","N/A",IF(S534+I534>0,"Favorite Covered",IF(S534+I534<0,"Underdog Covered","Push")))) -> Underdog Covered | U534: =IF(Q534>J534,"Over",IF(Q534<J534,"Under","Push")) -> Under
A535: 02/05/2012 | B535: 2011 | C535: Superbowl | D535: New England Patriots | E535: New York Giants | F535: 17 | G535: 21 | H535: NE | I535: -2.5 | J535: 53 | K535: Lucas Oil Stadium | L535: =TRUE() -> TRUE | M535: =VLOOKUP(D535,'Team Reference'!$A:$B,2,FALSE()) -> NE | N535: =VLOOKUP(E535,'Team Reference'!$A:$B,2,FALSE()) -> NYG | O535: =IF(F535>G535,M535,IF(G535>F535,N535,"Tie")) -> NYG | P535: =F535-G535 -> -4 | Q535: =F535+G535 -> 38 | R535: =IF(H535=M535,"Home",IF(H535=N535,"Away",IF(H535="PICK","Pick","N/A"))) -> Home | S535: =IF(R535="Home",P535,IF(R535="Away",-P535,"")) -> -4 | T535: =IF(R535="Pick","No Line",IF(S535="","N/A",IF(S535+I535>0,"Favorite Covered",IF(S535+I535<0,"Underdog Covered","Push")))) -> Underdog Covered | U535: =IF(Q535>J535,"Over",IF(Q535<J535,"Under","Push")) -> Under
A536: 09/05/2012 | B536: 2012 | C536: 1 | D536: New York Giants | E536: Dallas Cowboys | F536: 17 | G536: 24 | H536: NYG | I536: -4 | J536: 46 | K536: MetLife Stadium | L536: =FALSE() -> FALSE | M536: =VLOOKUP(D536,'Team Reference'!$A:$B,2,FALSE()) -> NYG | N536: =VLOOKUP(E536,'Team Reference'!$A:$B,2,FALSE()) -> DAL | O536: =IF(F536>G536,M536,IF(G536>F536,N536,"Tie")) -> DAL | P536: =F536-G536 -> -7 | Q536: =F536+G536 -> 41 | R536: =IF(H536=M536,"Home",IF(H536=N536,"Away",IF(H536="PICK","Pick","N/A"))) -> Home | S536: =IF(R536="Home",P536,IF(R536="Away",-P536,"")) -> -7 | T536: =IF(R536="Pick","No Line",IF(S536="","N/A",IF(S536+I536>0,"Favorite Covered",IF(S536+I536<0,"Underdog Covered","Push")))) -> Underdog Covered | U536: =IF(Q536>J536,"Over",IF(Q536<J536,"Under","Push")) -> Under
A537: 09/09/2012 | B537: 2012 | C537: 1 | D537: Arizona Cardinals | E537: Seattle Seahawks | F537: 20 | G537: 16 | H537: SEA | I537: -3 | J537: 41 | K537: University of Phoenix Stadium | L537: =FALSE() -> FALSE | M537: =VLOOKUP(D537,'Team Reference'!$A:$B,2,FALSE()) -> ARI | N537: =VLOOKUP(E537,'Team Reference'!$A:$B,2,FALSE()) -> SEA | O537: =IF(F537>G537,M537,IF(G537>F537,N537,"Tie")) -> ARI | P537: =F537-G537 -> 4 | Q537: =F537+G537 -> 36 | R537: =IF(H537=M537,"Home",IF(H537=N537,"Away",IF(H537="PICK","Pick","N/A"))) -> Away | S537: =IF(R537="Home",P537,IF(R537="Away",-P537,"")) -> -4 | T537: =IF(R537="Pick","No Line",IF(S537="","N/A",IF(S537+I537>0,"Favorite Covered",IF(S537+I537<0,"Underdog Covered","Push")))) -> Underdog Covered | U537: =IF(Q537>J537,"Over",IF(Q537<J537,"Under","Push")) -> Under
A538: 09/09/2012 | B538: 2012 | C538: 1 | D538: Chicago Bears | E538: Indianapolis Colts | F538: 41 | G538: 21 | H538: CHI | I538: -10 | J538: 42.5 | K538: Soldier Field | L538: =FALSE() -> FALSE | M538: =VLOOKUP(D538,'Team Reference'!$A:$B,2,FALSE()) -> CHI | N538: =VLOOKUP(E538,'Team Reference'!$A:$B,2,FALSE()) -> IND | O538: =IF(F538>G538,M538,IF(G538>F538,N538,"Tie")) -> CHI | P538: =F538-G538 -> 20 | Q538: =F538+G538 -> 62 | R538: =IF(H538=M538,"Home",IF(H538=N538,"Away",IF(H538="PICK","Pick","N/A"))) -> Home | S538: =IF(R538="Home",P538,IF(R538="Away",-P538,"")) -> 20 | T538: =IF(R538="Pick","No Line",IF(S538="","N/A",IF(S538+I538>0,"Favorite Covered",IF(S538+I538<0,"Underdog Covered","Push")))) -> Favorite Covered | U538: =IF(Q538>J538,"Over",IF(Q538<J538,"Under","Push")) -> Over
A539: 09/09/2012 | B539: 2012 | C539: 1 | D539: Cleveland Browns | E539: Philadelphia Eagles | F539: 16 | G539: 17 | H539: PHI | I539: -9.5 | J539: 42 | K539: FirstEnergy Stadium | L539: =FALSE() -> FALSE | M539: =VLOOKUP(D539,'Team Reference'!$A:$B,2,FALSE()) -> CLE | N539: =VLOOKUP(E539,'Team Reference'!$A:$B,2,FALSE()) -> PHI | O539: =IF(F539>G539,M539,IF(G539>F539,N539,"Tie")) -> PHI | P539: =F539-G539 -> -1 | Q539: =F539+G539 -> 33 | R539: =IF(H539=M539,"Home",IF(H539=N539,"Away",IF(H539="PICK","Pick","N/A"))) -> Away | S539: =IF(R539="Home",P539,IF(R539="Away",-P539,"")) -> 1 | T539: =IF(R539="Pick","No Line",IF(S539="","N/A",IF(S539+I539>0,"Favorite Covered",IF(S539+I539<0,"Underdog Covered","Push")))) -> Underdog Covered | U539: =IF(Q539>J539,"Over",IF(Q539<J539,"Under","Push")) -> Under
A540: 09/09/2012 | B540: 2012 | C540: 1 | D540: Denver Broncos | E540: Pittsburgh Steelers | F540: 31 | G540: 19 | H540: DEN | I540: -2 | J540: 45.5 | K540: Sports Authority Field at Mile High | L540: =FALSE() -> FALSE | M540: =VLOOKUP(D540,'Team Reference'!$A:$B,2,FALSE()) -> DEN | N540: =VLOOKUP(E540,'Team Reference'!$A:$B,2,FALSE()) -> PIT | O540: =IF(F540>G540,M540,IF(G540>F540,N540,"Tie")) -> DEN | P540: =F540-G540 -> 12 | Q540: =F540+G540 -> 50 | R540: =IF(H540=M540,"Home",IF(H540=N540,"Away",IF(H540="PICK","Pick","N/A"))) -> Home | S540: =IF(R540="Home",P540,IF(R540="Away",-P540,"")) -> 12 | T540: =IF(R540="Pick","No Line",IF(S540="","N/A",IF(S540+I540>0,"Favorite Covered",IF(S540+I540<0,"Underdog Covered","Push")))) -> Favorite Covered | U540: =IF(Q540>J540,"Over",IF(Q540<J540,"Under","Push")) -> Over
A541: 09/09/2012 | B541: 2012 | C541: 1 | D541: Detroit Lions | E541: St. Louis Rams | F541: 27 | G541: 23 | H541: DET | I541: -9 | J541: 46.5 | K541: Ford Field | L541: =FALSE() -> FALSE | M541: =VLOOKUP(D541,'Team Reference'!$A:$B,2,FALSE()) -> DET | N541: =VLOOKUP(E541,'Team Reference'!$A:$B,2,FALSE()) -> LAR | O541: =IF(F541>G541,M541,IF(G541>F541,N541,"Tie")) -> DET | P541: =F541-G541 -> 4 | Q541: =F541+G541 -> 50 | R541: =IF(H541=M541,"Home",IF(H541=N541,"Away",IF(H541="PICK","Pick","N/A"))) -> Home | S541: =IF(R541="Home",P541,IF(R541="Away",-P541,"")) -> 4 | T541: =IF(R541="Pick","No Line",IF(S541="","N/A",IF(S541+I541>0,"Favorite Covered",IF(S541+I541<0,"Underdog Covered","Push")))) -> Underdog Covered | U541: =IF(Q541>J541,"Over",IF(Q541<J541,"Under","Push")) -> Over
A542: 09/09/2012 | B542: 2012 | C542: 1 | D542: Green Bay Packers | E542: San Francisco 49ers | F542: 22 | G542: 30 | H542: GB | I542: -5.5 | J542: 46.5 | K542: Lambeau Field | L542: =FALSE() -> FALSE | M542: =VLOOKUP(D542,'Team Reference'!$A:$B,2,FALSE()) -> GB | N542: =VLOOKUP(E542,'Team Reference'!$A:$B,2,FALSE()) -> SF | O542: =IF(F542>G542,M542,IF(G542>F542,N542,"Tie")) -> SF | P542: =F542-G542 -> -8 | Q542: =F542+G542 -> 52 | R542: =IF(H542=M542,"Home",IF(H542=N542,"Away",IF(H542="PICK","Pick","N/A"))) -> Home | S542: =IF(R542="Home",P542,IF(R542="Away",-P542,"")) -> -8 | T542: =IF(R542="Pick","No Line",IF(S542="","N/A",IF(S542+I542>0,"Favorite Covered",IF(S542+I542<0,"Underdog Covered","Push")))) -> Underdog Covered | U542: =IF(Q542>J542,"Over",IF(Q542<J542,"Under","Push")) -> Over
A543: 09/09/2012 | B543: 2012 | C543: 1 | D543: Houston Texans | E543: Miami Dolphins | F543: 30 | G543: 10 | H543: HOU | I543: -13.5 | J543: 41.5 | K543: Reliant Stadium | L543: =FALSE() -> FALSE | M543: =VLOOKUP(D543,'Team Reference'!$A:$B,2,FALSE()) -> HOU | N543: =VLOOKUP(E543,'Team Reference'!$A:$B,2,FALSE()) -> MIA | O543: =IF(F543>G543,M543,IF(G543>F543,N543,"Tie")) -> HOU | P543: =F543-G543 -> 20 | Q543: =F543+G543 -> 40 | R543: =IF(H543=M543,"Home",IF(H543=N543,"Away",IF(H543="PICK","Pick","N/A"))) -> Home | S543: =IF(R543="Home",P543,IF(R543="Away",-P543,"")) -> 20 | T543: =IF(R543="Pick","No Line",IF(S543="","N/A",IF(S543+I543>0,"Favorite Covered",IF(S543+I543<0,"Underdog Covered","Push")))) -> Favorite Covered | U543: =IF(Q543>J543,"Over",IF(Q543<J543,"Under","Push")) -> Under
A544: 09/09/2012 | B544: 2012 | C544: 1 | D544: Kansas City Chiefs | E544: Atlanta Falcons | F544: 24 | G544: 40 | H544: ATL | I544: -2.5 | J544: 43 | K544: Arrowhead Stadium | L544: =FALSE() -> FALSE | M544: =VLOOKUP(D544,'Team Reference'!$A:$B,2,FALSE()) -> KC | N544: =VLOOKUP(E544,'Team Reference'!$A:$B,2,FALSE()) -> ATL | O544: =IF(F544>G544,M544,IF(G544>F544,N544,"Tie")) -> ATL | P544: =F544-G544 -> -16 | Q544: =F544+G544 -> 64 | R544: =IF(H544=M544,"Home",IF(H544=N544,"Away",IF(H544="PICK","Pick","N/A"))) -> Away | S544: =IF(R544="Home",P544,IF(R544="Away",-P544,"")) -> 16 | T544: =IF(R544="Pick","No Line",IF(S544="","N/A",IF(S544+I544>0,"Favorite Covered",IF(S544+I544<0,"Underdog Covered","Push")))) -> Favorite Covered | U544: =IF(Q544>J544,"Over",IF(Q544<J544,"Under","Push")) -> Over
A545: 09/09/2012 | B545: 2012 | C545: 1 | D545: Minnesota Vikings | E545: Jacksonville Jaguars | F545: 26 | G545: 23 | H545: MIN | I545: -3.5 | J545: 38 | K545: Mall of America Field | L545: =FALSE() -> FALSE | M545: =VLOOKUP(D545,'Team Reference'!$A:$B,2,FALSE()) -> MIN | N545: =VLOOKUP(E545,'Team Reference'!$A:$B,2,FALSE()) -> JAX | O545: =IF(F545>G545,M545,IF(G545>F545,N545,"Tie")) -> MIN | P545: =F545-G545 -> 3 | Q545: =F545+G545 -> 49 | R545: =IF(H545=M545,"Home",IF(H545=N545,"Away",IF(H545="PICK","Pick","N/A"))) -> Home | S545: =IF(R545="Home",P545,IF(R545="Away",-P545,"")) -> 3 | T545: =IF(R545="Pick","No Line",IF(S545="","N/A",IF(S545+I545>0,"Favorite Covered",IF(S545+I545<0,"Underdog Covered","Push")))) -> Underdog Covered | U545: =IF(Q545>J545,"Over",IF(Q545<J545,"Under","Push")) -> Over
A546: 09/09/2012 | B546: 2012 | C546: 1 | D546: New Orleans Saints | E546: Washington Redskins | F546: 32 | G546: 40 | H546: NO | I546: -9 | J546: 50.5 | K546: Louisiana Superdome | L546: =FALSE() -> FALSE | M546: =VLOOKUP(D546,'Team Reference'!$A:$B,2,FALSE()) -> NO | N546: =VLOOKUP(E546,'Team Reference'!$A:$B,2,FALSE()) -> WAS | O546: =IF(F546>G546,M546,IF(G546>F546,N546,"Tie")) -> WAS | P546: =F546-G546 -> -8 | Q546: =F546+G546 -> 72 | R546: =IF(H546=M546,"Home",IF(H546=N546,"Away",IF(H546="PICK","Pick","N/A"))) -> Home | S546: =IF(R546="Home",P546,IF(R546="Away",-P546,"")) -> -8 | T546: =IF(R546="Pick","No Line",IF(S546="","N/A",IF(S546+I546>0,"Favorite Covered",IF(S546+I546<0,"Underdog Covered","Push")))) -> Underdog Covered | U546: =IF(Q546>J546,"Over",IF(Q546<J546,"Under","Push")) -> Over
A547: 09/09/2012 | B547: 2012 | C547: 1 | D547: New York Jets | E547: Buffalo Bills | F547: 48 | G547: 28 | H547: NYJ | I547: -3 | J547: 39 | K547: MetLife Stadium | L547: =FALSE() -> FALSE | M547: =VLOOKUP(D547,'Team Reference'!$A:$B,2,FALSE()) -> NYJ | N547: =VLOOKUP(E547,'Team Reference'!$A:$B,2,FALSE()) -> BUF | O547: =IF(F547>G547,M547,IF(G547>F547,N547,"Tie")) -> NYJ | P547: =F547-G547 -> 20 | Q547: =F547+G547 -> 76 | R547: =IF(H547=M547,"Home",IF(H547=N547,"Away",IF(H547="PICK","Pick","N/A"))) -> Home | S547: =IF(R547="Home",P547,IF(R547="Away",-P547,"")) -> 20 | T547: =IF(R547="Pick","No Line",IF(S547="","N/A",IF(S547+I547>0,"Favorite Covered",IF(S547+I547<0,"Underdog Covered","Push")))) -> Favorite Covered | U547: =IF(Q547>J547,"Over",IF(Q547<J547,"Under","Push")) -> Over
... A791: 12/30/2012 | B791: 2012 | C791: 17 | D791: Washington Redskins | E791: Dallas Cowboys | F791: 28 | G791: 18 | H791: WAS | I791: -3 | J791: 49 | K791: FedExField | L791: =FALSE() -> FALSE | M791: =VLOOKUP(D791,'Team Reference'!$A:$B,2,FALSE()) -> WAS | N791: =VLOOKUP(E791,'Team Reference'!$A:$B,2,FALSE()) -> DAL | O791: =IF(F791>G791,M791,IF(G791>F791,N791,"Tie")) -> WAS | P791: =F791-G791 -> 10 | Q791: =F791+G791 -> 46 | R791: =IF(H791=M791,"Home",IF(H791=N791,"Away",IF(H791="PICK","Pick","N/A"))) -> Home | S791: =IF(R791="Home",P791,IF(R791="Away",-P791,"")) -> 10 | T791: =IF(R791="Pick","No Line",IF(S791="","N/A",IF(S791+I791>0,"Favorite Covered",IF(S791+I791<0,"Underdog Covered","Push")))) -> Favorite Covered | U791: =IF(Q791>J791,"Over",IF(Q791<J791,"Under","Push")) -> Under
A792: 01/05/2013 | B792: 2012 | C792: Wildcard | D792: Green Bay Packers | E792: Minnesota Vikings | F792: 24 | G792: 10 | H792: GB | I792: -11 | J792: 44.5 | L792: =TRUE() -> TRUE | M792: =VLOOKUP(D792,'Team Reference'!$A:$B,2,FALSE()) -> GB | N792: =VLOOKUP(E792,'Team Reference'!$A:$B,2,FALSE()) -> MIN | O792: =IF(F792>G792,M792,IF(G792>F792,N792,"Tie")) -> GB | P792: =F792-G792 -> 14 | Q792: =F792+G792 -> 34 | R792: =IF(H792=M792,"Home",IF(H792=N792,"Away",IF(H792="PICK","Pick","N/A"))) -> Home | S792: =IF(R792="Home",P792,IF(R792="Away",-P792,"")) -> 14 | T792: =IF(R792="Pick","No Line",IF(S792="","N/A",IF(S792+I792>0,"Favorite Covered",IF(S792+I792<0,"Underdog Covered","Push")))) -> Favorite Covered | U792: =IF(Q792>J792,"Over",IF(Q792<J792,"Under","Push")) -> Under
A793: 01/05/2013 | B793: 2012 | C793: Wildcard | D793: Houston Texans | E793: Cincinnati Bengals | F793: 19 | G793: 13 | H793: HOU | I793: -4 | J793: 42.5 | L793: =TRUE() -> TRUE | M793: =VLOOKUP(D793,'Team Reference'!$A:$B,2,FALSE()) -> HOU | N793: =VLOOKUP(E793,'Team Reference'!$A:$B,2,FALSE()) -> CIN | O793: =IF(F793>G793,M793,IF(G793>F793,N793,"Tie")) -> HOU | P793: =F793-G793 -> 6 | Q793: =F793+G793 -> 32 | R793: =IF(H793=M793,"Home",IF(H793=N793,"Away",IF(H793="PICK","Pick","N/A"))) -> Home | S793: =IF(R793="Home",P793,IF(R793="Away",-P793,"")) -> 6 | T793: =IF(R793="Pick","No Line",IF(S793="","N/A",IF(S793+I793>0,"Favorite Covered",IF(S793+I793<0,"Underdog Covered","Push")))) -> Favorite Covered | U793: =IF(Q793>J793,"Over",IF(Q793<J793,"Under","Push")) -> Under
A794: 01/06/2013 | B794: 2012 | C794: Wildcard | D794: Baltimore Ravens | E794: Indianapolis Colts | F794: 24 | G794: 9 | H794: BAL | I794: -7 | J794: 47 | K794: M&T Bank Stadium | L794: =TRUE() -> TRUE | M794: =VLOOKUP(D794,'Team Reference'!$A:$B,2,FALSE()) -> BAL | N794: =VLOOKUP(E794,'Team Reference'!$A:$B,2,FALSE()) -> IND | O794: =IF(F794>G794,M794,IF(G794>F794,N794,"Tie")) -> BAL | P794: =F794-G794 -> 15 | Q794: =F794+G794 -> 33 | R794: =IF(H794=M794,"Home",IF(H794=N794,"Away",IF(H794="PICK","Pick","N/A"))) -> Home | S794: =IF(R794="Home",P794,IF(R794="Away",-P794,"")) -> 15 | T794: =IF(R794="Pick","No Line",IF(S794="","N/A",IF(S794+I794>0,"Favorite Covered",IF(S794+I794<0,"Underdog Covered","Push")))) -> Favorite Covered | U794: =IF(Q794>J794,"Over",IF(Q794<J794,"Under","Push")) -> Under
A795: 01/06/2013 | B795: 2012 | C795: Wildcard | D795: Washington Redskins | E795: Seattle Seahawks | F795: 14 | G795: 24 | H795: SEA | I795: -3 | J795: 45 | L795: =TRUE() -> TRUE | M795: =VLOOKUP(D795,'Team Reference'!$A:$B,2,FALSE()) -> WAS | N795: =VLOOKUP(E795,'Team Reference'!$A:$B,2,FALSE()) -> SEA | O795: =IF(F795>G795,M795,IF(G795>F795,N795,"Tie")) -> SEA | P795: =F795-G795 -> -10 | Q795: =F795+G795 -> 38 | R795: =IF(H795=M795,"Home",IF(H795=N795,"Away",IF(H795="PICK","Pick","N/A"))) -> Away | S795: =IF(R795="Home",P795,IF(R795="Away",-P795,"")) -> 10 | T795: =IF(R795="Pick","No Line",IF(S795="","N/A",IF(S795+I795>0,"Favorite Covered",IF(S795+I795<0,"Underdog Covered","Push")))) -> Favorite Covered | U795: =IF(Q795>J795,"Over",IF(Q795<J795,"Under","Push")) -> Under
A796: 01/12/2013 | B796: 2012 | C796: Division | D796: Denver Broncos | E796: Baltimore Ravens | F796: 35 | G796: 38 | H796: DEN | I796: -9 | J796: 44.5 | L796: =TRUE() -> TRUE | M796: =VLOOKUP(D796,'Team Reference'!$A:$B,2,FALSE()) -> DEN | N796: =VLOOKUP(E796,'Team Reference'!$A:$B,2,FALSE()) -> BAL | O796: =IF(F796>G796,M796,IF(G796>F796,N796,"Tie")) -> BAL | P796: =F796-G796 -> -3 | Q796: =F796+G796 -> 73 | R796: =IF(H796=M796,"Home",IF(H796=N796,"Away",IF(H796="PICK","Pick","N/A"))) -> Home | S796: =IF(R796="Home",P796,IF(R796="Away",-P796,"")) -> -3 | T796: =IF(R796="Pick","No Line",IF(S796="","N/A",IF(S796+I796>0,"Favorite Covered",IF(S796+I796<0,"Underdog Covered","Push")))) -> Underdog Covered | U796: =IF(Q796>J796,"Over",IF(Q796<J796,"Under","Push")) -> Over
A797: 01/12/2013 | B797: 2012 | C797: Division | D797: San Francisco 49ers | E797: Green Bay Packers | F797: 45 | G797: 31 | H797: SF | I797: -3 | J797: 45.5 | L797: =TRUE() -> TRUE | M797: =VLOOKUP(D797,'Team Reference'!$A:$B,2,FALSE()) -> SF | N797: =VLOOKUP(E797,'Team Reference'!$A:$B,2,FALSE()) -> GB | O797: =IF(F797>G797,M797,IF(G797>F797,N797,"Tie")) -> SF | P797: =F797-G797 -> 14 | Q797: =F797+G797 -> 76 | R797: =IF(H797=M797,"Home",IF(H797=N797,"Away",IF(H797="PICK","Pick","N/A"))) -> Home | S797: =IF(R797="Home",P797,IF(R797="Away",-P797,"")) -> 14 | T797: =IF(R797="Pick","No Line",IF(S797="","N/A",IF(S797+I797>0,"Favorite Covered",IF(S797+I797<0,"Underdog Covered","Push")))) -> Favorite Covered | U797: =IF(Q797>J797,"Over",IF(Q797<J797,"Under","Push")) -> Over
A798: 01/13/2013 | B798: 2012 | C798: Division | D798: Atlanta Falcons | E798: Seattle Seahawks | F798: 30 | G798: 28 | H798: ATL | I798: -3 | J798: 47 | K798: Georgia Dome | L798: =TRUE() -> TRUE | M798: =VLOOKUP(D798,'Team Reference'!$A:$B,2,FALSE()) -> ATL | N798: =VLOOKUP(E798,'Team Reference'!$A:$B,2,FALSE()) -> SEA | O798: =IF(F798>G798,M798,IF(G798>F798,N798,"Tie")) -> ATL | P798: =F798-G798 -> 2 | Q798: =F798+G798 -> 58 | R798: =IF(H798=M798,"Home",IF(H798=N798,"Away",IF(H798="PICK","Pick","N/A"))) -> Home | S798: =IF(R798="Home",P798,IF(R798="Away",-P798,"")) -> 2 | T798: =IF(R798="Pick","No Line",IF(S798="","N/A",IF(S798+I798>0,"Favorite Covered",IF(S798+I798<0,"Underdog Covered","Push")))) -> Underdog Covered | U798: =IF(Q798>J798,"Over",IF(Q798<J798,"Under","Push")) -> Over
A799: 01/13/2013 | B799: 2012 | C799: Division | D799: New England Patriots | E799: Houston Texans | F799: 41 | G799: 28 | H799: NE | I799: -9.5 | J799: 51 | L799: =TRUE() -> TRUE | M799: =VLOOKUP(D799,'Team Reference'!$A:$B,2,FALSE()) -> NE | N799: =VLOOKUP(E799,'Team Reference'!$A:$B,2,FALSE()) -> HOU | O799: =IF(F799>G799,M799,IF(G799>F799,N799,"Tie")) -> NE | P799: =F799-G799 -> 13 | Q799: =F799+G799 -> 69 | R799: =IF(H799=M799,"Home",IF(H799=N799,"Away",IF(H799="PICK","Pick","N/A"))) -> Home | S799: =IF(R799="Home",P799,IF(R799="Away",-P799,"")) -> 13 | T799: =IF(R799="Pick","No Line",IF(S799="","N/A",IF(S799+I799>0,"Favorite Covered",IF(S799+I799<0,"Underdog Covered","Push")))) -> Favorite Covered | U799: =IF(Q799>J799,"Over",IF(Q799<J799,"Under","Push")) -> Over
A800: 01/20/2013 | B800: 2012 | C800: Conference | D800: Atlanta Falcons | E800: San Francisco 49ers | F800: 24 | G800: 28 | H800: SF | I800: -4.5 | J800: 49 | K800: Georgia Dome | L800: =TRUE() -> TRUE | M800: =VLOOKUP(D800,'Team Reference'!$A:$B,2,FALSE()) -> ATL | N800: =VLOOKUP(E800,'Team Reference'!$A:$B,2,FALSE()) -> SF | O800: =IF(F800>G800,M800,IF(G800>F800,N800,"Tie")) -> SF | P800: =F800-G800 -> -4 | Q800: =F800+G800 -> 52 | R800: =IF(H800=M800,"Home",IF(H800=N800,"Away",IF(H800="PICK","Pick","N/A"))) -> Away | S800: =IF(R800="Home",P800,IF(R800="Away",-P800,"")) -> 4 | T800: =IF(R800="Pick","No Line",IF(S800="","N/A",IF(S800+I800>0,"Favorite Covered",IF(S800+I800<0,"Underdog Covered","Push")))) -> Underdog Covered | U800: =IF(Q800>J800,"Over",IF(Q800<J800,"Under","Push")) -> Over
A801: 01/20/2013 | B801: 2012 | C801: Conference | D801: New England Patriots | E801: Baltimore Ravens | F801: 13 | G801: 28 | H801: NE | I801: -7.5 | J801: 51.5 | L801: =TRUE() -> TRUE | M801: =VLOOKUP(D801,'Team Reference'!$A:$B,2,FALSE()) -> NE | N801: =VLOOKUP(E801,'Team Reference'!$A:$B,2,FALSE()) -> BAL | O801: =IF(F801>G801,M801,IF(G801>F801,N801,"Tie")) -> BAL | P801: =F801-G801 -> -15 | Q801: =F801+G801 -> 41 | R801: =IF(H801=M801,"Home",IF(H801=N801,"Away",IF(H801="PICK","Pick","N/A"))) -> Home | S801: =IF(R801="Home",P801,IF(R801="Away",-P801,"")) -> -15 | T801: =IF(R801="Pick","No Line",IF(S801="","N/A",IF(S801+I801>0,"Favorite Covered",IF(S801+I801<0,"Underdog Covered","Push")))) -> Underdog Covered | U801: =IF(Q801>J801,"Over",IF(Q801<J801,"Under","Push")) -> Under
A802: 02/03/2013 | B802: 2012 | C802: Superbowl | D802: San Francisco 49ers | E802: Baltimore Ravens | F802: 31 | G802: 34 | H802: SF | I802: -4.5 | J802: 48 | K802: Mercedes-Benz Superdome | L802: =TRUE() -> TRUE | M802: =VLOOKUP(D802,'Team Reference'!$A:$B,2,FALSE()) -> SF | N802: =VLOOKUP(E802,'Team Reference'!$A:$B,2,FALSE()) -> BAL | O802: =IF(F802>G802,M802,IF(G802>F802,N802,"Tie")) -> BAL | P802: =F802-G802 -> -3 | Q802: =F802+G802 -> 65 | R802: =IF(H802=M802,"Home",IF(H802=N802,"Away",IF(H802="PICK","Pick","N/A"))) -> Home | S802: =IF(R802="Home",P802,IF(R802="Away",-P802,"")) -> -3 | T802: =IF(R802="Pick","No Line",IF(S802="","N/A",IF(S802+I802>0,"Favorite Covered",IF(S802+I802<0,"Underdog Covered","Push")))) -> Underdog Covered | U802: =IF(Q802>J802,"Over",IF(Q802<J802,"Under","Push")) -> Over
A803: 09/05/2013 | B803: 2013 | C803: 1 | D803: Denver Broncos | E803: Baltimore Ravens | F803: 49 | G803: 27 | H803: DEN | I803: -7.5 | J803: 49.5 | K803: Sports Authority Field at Mile High | L803: =FALSE() -> FALSE | M803: =VLOOKUP(D803,'Team Reference'!$A:$B,2,FALSE()) -> DEN | N803: =VLOOKUP(E803,'Team Reference'!$A:$B,2,FALSE()) -> BAL | O803: =IF(F803>G803,M803,IF(G803>F803,N803,"Tie")) -> DEN | P803: =F803-G803 -> 22 | Q803: =F803+G803 -> 76 | R803: =IF(H803=M803,"Home",IF(H803=N803,"Away",IF(H803="PICK","Pick","N/A"))) -> Home | S803: =IF(R803="Home",P803,IF(R803="Away",-P803,"")) -> 22 | T803: =IF(R803="Pick","No Line",IF(S803="","N/A",IF(S803+I803>0,"Favorite Covered",IF(S803+I803<0,"Underdog Covered","Push")))) -> Favorite Covered | U803: =IF(Q803>J803,"Over",IF(Q803<J803,"Under","Push")) -> Over
A804: 09/08/2013 | B804: 2013 | C804: 1 | D804: Buffalo Bills | E804: New England Patriots | F804: 21 | G804: 23 | H804: NE | I804: -10.5 | J804: 51.5 | K804: Ralph Wilson Stadium | L804: =FALSE() -> FALSE | M804: =VLOOKUP(D804,'Team Reference'!$A:$B,2,FALSE()) -> BUF | N804: =VLOOKUP(E804,'Team Reference'!$A:$B,2,FALSE()) -> NE | O804: =IF(F804>G804,M804,IF(G804>F804,N804,"Tie")) -> NE | P804: =F804-G804 -> -2 | Q804: =F804+G804 -> 44 | R804: =IF(H804=M804,"Home",IF(H804=N804,"Away",IF(H804="PICK","Pick","N/A"))) -> Away | S804: =IF(R804="Home",P804,IF(R804="Away",-P804,"")) -> 2 | T804: =IF(R804="Pick","No Line",IF(S804="","N/A",IF(S804+I804>0,"Favorite Covered",IF(S804+I804<0,"Underdog Covered","Push")))) -> Underdog Covered | U804: =IF(Q804>J804,"Over",IF(Q804<J804,"Under","Push")) -> Under
A805: 09/08/2013 | B805: 2013 | C805: 1 | D805: Carolina Panthers | E805: Seattle Seahawks | F805: 7 | G805: 12 | H805: SEA | I805: -3.5 | J805: 45 | K805: Bank of America Stadium | L805: =FALSE() -> FALSE | M805: =VLOOKUP(D805,'Team Reference'!$A:$B,2,FALSE()) -> CAR | N805: =VLOOKUP(E805,'Team Reference'!$A:$B,2,FALSE()) -> SEA | O805: =IF(F805>G805,M805,IF(G805>F805,N805,"Tie")) -> SEA | P805: =F805-G805 -> -5 | Q805: =F805+G805 -> 19 | R805: =IF(H805=M805,"Home",IF(H805=N805,"Away",IF(H805="PICK","Pick","N/A"))) -> Away | S805: =IF(R805="Home",P805,IF(R805="Away",-P805,"")) -> 5 | T805: =IF(R805="Pick","No Line",IF(S805="","N/A",IF(S805+I805>0,"Favorite Covered",IF(S805+I805<0,"Underdog Covered","Push")))) -> Favorite Covered | U805: =IF(Q805>J805,"Over",IF(Q805<J805,"Under","Push")) -> Under
A806: 09/08/2013 | B806: 2013 | C806: 1 | D806: Chicago Bears | E806: Cincinnati Bengals | F806: 24 | G806: 21 | H806: CHI | I806: -3 | J806: 42 | K806: Soldier Field | L806: =FALSE() -> FALSE | M806: =VLOOKUP(D806,'Team Reference'!$A:$B,2,FALSE()) -> CHI | N806: =VLOOKUP(E806,'Team Reference'!$A:$B,2,FALSE()) -> CIN | O806: =IF(F806>G806,M806,IF(G806>F806,N806,"Tie")) -> CHI | P806: =F806-G806 -> 3 | Q806: =F806+G806 -> 45 | R806: =IF(H806=M806,"Home",IF(H806=N806,"Away",IF(H806="PICK","Pick","N/A"))) -> Home | S806: =IF(R806="Home",P806,IF(R806="Away",-P806,"")) -> 3 | T806: =IF(R806="Pick","No Line",IF(S806="","N/A",IF(S806+I806>0,"Favorite Covered",IF(S806+I806<0,"Underdog Covered","Push")))) -> Push | U806: =IF(Q806>J806,"Over",IF(Q806<J806,"Under","Push")) -> Over
A807: 09/08/2013 | B807: 2013 | C807: 1 | D807: Cleveland Browns | E807: Miami Dolphins | F807: 10 | G807: 23 | H807: CLE | I807: -2.5 | J807: 40.5 | K807: FirstEnergy Stadium | L807: =FALSE() -> FALSE | M807: =VLOOKUP(D807,'Team Reference'!$A:$B,2,FALSE()) -> CLE | N807: =VLOOKUP(E807,'Team Reference'!$A:$B,2,FALSE()) -> MIA | O807: =IF(F807>G807,M807,IF(G807>F807,N807,"Tie")) -> MIA | P807: =F807-G807 -> -13 | Q807: =F807+G807 -> 33 | R807: =IF(H807=M807,"Home",IF(H807=N807,"Away",IF(H807="PICK","Pick","N/A"))) -> Home | S807: =IF(R807="Home",P807,IF(R807="Away",-P807,"")) -> -13 | T807: =IF(R807="Pick","No Line",IF(S807="","N/A",IF(S807+I807>0,"Favorite Covered",IF(S807+I807<0,"Underdog Covered","Push")))) -> Underdog Covered | U807: =IF(Q807>J807,"Over",IF(Q807<J807,"Under","Push")) -> Under
A808: 09/08/2013 | B808: 2013 | C808: 1 | D808: Dallas Cowboys | E808: New York Giants | F808: 36 | G808: 31 | H808: DAL | I808: -3.5 | J808: 50 | K808: Cowboys Stadium | L808: =FALSE() -> FALSE | M808: =VLOOKUP(D808,'Team Reference'!$A:$B,2,FALSE()) -> DAL | N808: =VLOOKUP(E808,'Team Reference'!$A:$B,2,FALSE()) -> NYG | O808: =IF(F808>G808,M808,IF(G808>F808,N808,"Tie")) -> DAL | P808: =F808-G808 -> 5 | Q808: =F808+G808 -> 67 | R808: =IF(H808=M808,"Home",IF(H808=N808,"Away",IF(H808="PICK","Pick","N/A"))) -> Home | S808: =IF(R808="Home",P808,IF(R808="Away",-P808,"")) -> 5 | T808: =IF(R808="Pick","No Line",IF(S808="","N/A",IF(S808+I808>0,"Favorite Covered",IF(S808+I808<0,"Underdog Covered","Push")))) -> Favorite Covered | U808: =IF(Q808>J808,"Over",IF(Q808<J808,"Under","Push")) -> Over
A809: 09/08/2013 | B809: 2013 | C809: 1 | D809: Detroit Lions | E809: Minnesota Vikings | F809: 34 | G809: 24 | H809: DET | I809: -4.5 | J809: 47.5 | K809: Ford Field | L809: =FALSE() -> FALSE | M809: =VLOOKUP(D809,'Team Reference'!$A:$B,2,FALSE()) -> DET | N809: =VLOOKUP(E809,'Team Reference'!$A:$B,2,FALSE()) -> MIN | O809: =IF(F809>G809,M809,IF(G809>F809,N809,"Tie")) -> DET | P809: =F809-G809 -> 10 | Q809: =F809+G809 -> 58 | R809: =IF(H809=M809,"Home",IF(H809=N809,"Away",IF(H809="PICK","Pick","N/A"))) -> Home | S809: =IF(R809="Home",P809,IF(R809="Away",-P809,"")) -> 10 | T809: =IF(R809="Pick","No Line",IF(S809="","N/A",IF(S809+I809>0,"Favorite Covered",IF(S809+I809<0,"Underdog Covered","Push")))) -> Favorite Covered | U809: =IF(Q809>J809,"Over",IF(Q809<J809,"Under","Push")) -> Over
A810: 09/08/2013 | B810: 2013 | C810: 1 | D810: Indianapolis Colts | E810: Oakland Raiders | F810: 21 | G810: 17 | H810: IND | I810: -11.5 | J810: 45.5 | K810: Lucas Oil Stadium | L810: =FALSE() -> FALSE | M810: =VLOOKUP(D810,'Team Reference'!$A:$B,2,FALSE()) -> IND | N810: =VLOOKUP(E810,'Team Reference'!$A:$B,2,FALSE()) -> OAK | O810: =IF(F810>G810,M810,IF(G810>F810,N810,"Tie")) -> IND | P810: =F810-G810 -> 4 | Q810: =F810+G810 -> 38 | R810: =IF(H810=M810,"Home",IF(H810=N810,"Away",IF(H810="PICK","Pick","N/A"))) -> Home | S810: =IF(R810="Home",P810,IF(R810="Away",-P810,"")) -> 4 | T810: =IF(R810="Pick","No Line",IF(S810="","N/A",IF(S810+I810>0,"Favorite Covered",IF(S810+I810<0,"Underdog Covered","Push")))) -> Underdog Covered | U810: =IF(Q810>J810,"Over",IF(Q810<J810,"Under","Push")) -> Under
A811: 09/08/2013 | B811: 2013 | C811: 1 | D811: Jacksonville Jaguars | E811: Kansas City Chiefs | F811: 2 | G811: 28 | H811: KC | I811: -4.5 | J811: 43 | K811: EverBank Field | L811: =FALSE() -> FALSE | M811: =VLOOKUP(D811,'Team Reference'!$A:$B,2,FALSE()) -> JAX | N811: =VLOOKUP(E811,'Team Reference'!$A:$B,2,FALSE()) -> KC | O811: =IF(F811>G811,M811,IF(G811>F811,N811,"Tie")) -> KC | P811: =F811-G811 -> -26 | Q811: =F811+G811 -> 30 | R811: =IF(H811=M811,"Home",IF(H811=N811,"Away",IF(H811="PICK","Pick","N/A"))) -> Away | S811: =IF(R811="Home",P811,IF(R811="Away",-P811,"")) -> 26 | T811: =IF(R811="Pick","No Line",IF(S811="","N/A",IF(S811+I811>0,"Favorite Covered",IF(S811+I811<0,"Underdog Covered","Push")))) -> Favorite Covered | U811: =IF(Q811>J811,"Over",IF(Q811<J811,"Under","Push")) -> Under
A812: 09/08/2013 | B812: 2013 | C812: 1 | D812: New Orleans Saints | E812: Atlanta Falcons | F812: 23 | G812: 17 | H812: NO | I812: -3.5 | J812: 56 | K812: Louisiana Superdome | L812: =FALSE() -> FALSE | M812: =VLOOKUP(D812,'Team Reference'!$A:$B,2,FALSE()) -> NO | N812: =VLOOKUP(E812,'Team Reference'!$A:$B,2,FALSE()) -> ATL | O812: =IF(F812>G812,M812,IF(G812>F812,N812,"Tie")) -> NO | P812: =F812-G812 -> 6 | Q812: =F812+G812 -> 40 | R812: =IF(H812=M812,"Home",IF(H812=N812,"Away",IF(H812="PICK","Pick","N/A"))) -> Home | S812: =IF(R812="Home",P812,IF(R812="Away",-P812,"")) -> 6 | T812: =IF(R812="Pick","No Line",IF(S812="","N/A",IF(S812+I812>0,"Favorite Covered",IF(S812+I812<0,"Underdog Covered","Push")))) -> Favorite Covered | U812: =IF(Q812>J812,"Over",IF(Q812<J812,"Under","Push")) -> Under
A813: 09/08/2013 | B813: 2013 | C813: 1 | D813: New York Jets | E813: Tampa Bay Buccaneers | F813: 18 | G813: 17 | H813: TB | I813: -6 | J813: 39 | K813: MetLife Stadium | L813: =FALSE() -> FALSE | M813: =VLOOKUP(D813,'Team Reference'!$A:$B,2,FALSE()) -> NYJ | N813: =VLOOKUP(E813,'Team Reference'!$A:$B,2,FALSE()) -> TB | O813: =IF(F813>G813,M813,IF(G813>F813,N813,"Tie")) -> NYJ | P813: =F813-G813 -> 1 | Q813: =F813+G813 -> 35 | R813: =IF(H813=M813,"Home",IF(H813=N813,"Away",IF(H813="PICK","Pick","N/A"))) -> Away | S813: =IF(R813="Home",P813,IF(R813="Away",-P813,"")) -> -1 | T813: =IF(R813="Pick","No Line",IF(S813="","N/A",IF(S813+I813>0,"Favorite Covered",IF(S813+I813<0,"Underdog Covered","Push")))) -> Underdog Covered | U813: =IF(Q813>J813,"Over",IF(Q813<J813,"Under","Push")) -> Under
A814: 09/08/2013 | B814: 2013 | C814: 1 | D814: Pittsburgh Steelers | E814: Tennessee Titans | F814: 9 | G814: 16 | H814: PIT | I814: -6 | J814: 42 | K814: Heinz Field | L814: =FALSE() -> FALSE | M814: =VLOOKUP(D814,'Team Reference'!$A:$B,2,FALSE()) -> PIT | N814: =VLOOKUP(E814,'Team Reference'!$A:$B,2,FALSE()) -> TEN | O814: =IF(F814>G814,M814,IF(G814>F814,N814,"Tie")) -> TEN | P814: =F814-G814 -> -7 | Q814: =F814+G814 -> 25 | R814: =IF(H814=M814,"Home",IF(H814=N814,"Away",IF(H814="PICK","Pick","N/A"))) -> Home | S814: =IF(R814="Home",P814,IF(R814="Away",-P814,"")) -> -7 | T814: =IF(R814="Pick","No Line",IF(S814="","N/A",IF(S814+I814>0,"Favorite Covered",IF(S814+I814<0,"Underdog Covered","Push")))) -> Underdog Covered | U814: =IF(Q814>J814,"Over",IF(Q814<J814,"Under","Push")) -> Under
... A1058: 12/29/2013 | B1058: 2013 | C1058: 17 | D1058: Tennessee Titans | E1058: Houston Texans | F1058: 16 | G1058: 10 | H1058: TEN | I1058: -6.5 | J1058: 44.5 | K1058: Nissan Stadium | L1058: =FALSE() -> FALSE | M1058: =VLOOKUP(D1058,'Team Reference'!$A:$B,2,FALSE()) -> TEN | N1058: =VLOOKUP(E1058,'Team Reference'!$A:$B,2,FALSE()) -> HOU | O1058: =IF(F1058>G1058,M1058,IF(G1058>F1058,N1058,"Tie")) -> TEN | P1058: =F1058-G1058 -> 6 | Q1058: =F1058+G1058 -> 26 | R1058: =IF(H1058=M1058,"Home",IF(H1058=N1058,"Away",IF(H1058="PICK","Pick","N/A"))) -> Home | S1058: =IF(R1058="Home",P1058,IF(R1058="Away",-P1058,"")) -> 6 | T1058: =IF(R1058="Pick","No Line",IF(S1058="","N/A",IF(S1058+I1058>0,"Favorite Covered",IF(S1058+I1058<0,"Underdog Covered","Push")))) -> Underdog Covered | U1058: =IF(Q1058>J1058,"Over",IF(Q1058<J1058,"Under","Push")) -> Under
A1059: 01/04/2014 | B1059: 2013 | C1059: Wildcard | D1059: Indianapolis Colts | E1059: Kansas City Chiefs | F1059: 45 | G1059: 44 | H1059: KC | I1059: -2.5 | J1059: 46.5 | L1059: =TRUE() -> TRUE | M1059: =VLOOKUP(D1059,'Team Reference'!$A:$B,2,FALSE()) -> IND | N1059: =VLOOKUP(E1059,'Team Reference'!$A:$B,2,FALSE()) -> KC | O1059: =IF(F1059>G1059,M1059,IF(G1059>F1059,N1059,"Tie")) -> IND | P1059: =F1059-G1059 -> 1 | Q1059: =F1059+G1059 -> 89 | R1059: =IF(H1059=M1059,"Home",IF(H1059=N1059,"Away",IF(H1059="PICK","Pick","N/A"))) -> Away | S1059: =IF(R1059="Home",P1059,IF(R1059="Away",-P1059,"")) -> -1 | T1059: =IF(R1059="Pick","No Line",IF(S1059="","N/A",IF(S1059+I1059>0,"Favorite Covered",IF(S1059+I1059<0,"Underdog Covered","Push")))) -> Underdog Covered | U1059: =IF(Q1059>J1059,"Over",IF(Q1059<J1059,"Under","Push")) -> Over
A1060: 01/04/2014 | B1060: 2013 | C1060: Wildcard | D1060: Philadelphia Eagles | E1060: New Orleans Saints | F1060: 24 | G1060: 26 | H1060: PHI | I1060: -3 | J1060: 53 | L1060: =TRUE() -> TRUE | M1060: =VLOOKUP(D1060,'Team Reference'!$A:$B,2,FALSE()) -> PHI | N1060: =VLOOKUP(E1060,'Team Reference'!$A:$B,2,FALSE()) -> NO | O1060: =IF(F1060>G1060,M1060,IF(G1060>F1060,N1060,"Tie")) -> NO | P1060: =F1060-G1060 -> -2 | Q1060: =F1060+G1060 -> 50 | R1060: =IF(H1060=M1060,"Home",IF(H1060=N1060,"Away",IF(H1060="PICK","Pick","N/A"))) -> Home | S1060: =IF(R1060="Home",P1060,IF(R1060="Away",-P1060,"")) -> -2 | T1060: =IF(R1060="Pick","No Line",IF(S1060="","N/A",IF(S1060+I1060>0,"Favorite Covered",IF(S1060+I1060<0,"Underdog Covered","Push")))) -> Underdog Covered | U1060: =IF(Q1060>J1060,"Over",IF(Q1060<J1060,"Under","Push")) -> Under
A1061: 01/05/2014 | B1061: 2013 | C1061: Wildcard | D1061: Cincinnati Bengals | E1061: San Diego Chargers | F1061: 10 | G1061: 27 | H1061: CIN | I1061: -6 | J1061: 48 | K1061: Paul Brown Stadium | L1061: =TRUE() -> TRUE | M1061: =VLOOKUP(D1061,'Team Reference'!$A:$B,2,FALSE()) -> CIN | N1061: =VLOOKUP(E1061,'Team Reference'!$A:$B,2,FALSE()) -> LAC | O1061: =IF(F1061>G1061,M1061,IF(G1061>F1061,N1061,"Tie")) -> LAC | P1061: =F1061-G1061 -> -17 | Q1061: =F1061+G1061 -> 37 | R1061: =IF(H1061=M1061,"Home",IF(H1061=N1061,"Away",IF(H1061="PICK","Pick","N/A"))) -> Home | S1061: =IF(R1061="Home",P1061,IF(R1061="Away",-P1061,"")) -> -17 | T1061: =IF(R1061="Pick","No Line",IF(S1061="","N/A",IF(S1061+I1061>0,"Favorite Covered",IF(S1061+I1061<0,"Underdog Covered","Push")))) -> Underdog Covered | U1061: =IF(Q1061>J1061,"Over",IF(Q1061<J1061,"Under","Push")) -> Under
A1062: 01/05/2014 | B1062: 2013 | C1062: Wildcard | D1062: Green Bay Packers | E1062: San Francisco 49ers | F1062: 20 | G1062: 23 | H1062: SF | I1062: -3 | J1062: 46 | L1062: =TRUE() -> TRUE | M1062: =VLOOKUP(D1062,'Team Reference'!$A:$B,2,FALSE()) -> GB | N1062: =VLOOKUP(E1062,'Team Reference'!$A:$B,2,FALSE()) -> SF | O1062: =IF(F1062>G1062,M1062,IF(G1062>F1062,N1062,"Tie")) -> SF | P1062: =F1062-G1062 -> -3 | Q1062: =F1062+G1062 -> 43 | R1062: =IF(H1062=M1062,"Home",IF(H1062=N1062,"Away",IF(H1062="PICK","Pick","N/A"))) -> Away | S1062: =IF(R1062="Home",P1062,IF(R1062="Away",-P1062,"")) -> 3 | T1062: =IF(R1062="Pick","No Line",IF(S1062="","N/A",IF(S1062+I1062>0,"Favorite Covered",IF(S1062+I1062<0,"Underdog Covered","Push")))) -> Push | U1062: =IF(Q1062>J1062,"Over",IF(Q1062<J1062,"Under","Push")) -> Under
A1063: 01/11/2014 | B1063: 2013 | C1063: Division | D1063: New England Patriots | E1063: Indianapolis Colts | F1063: 43 | G1063: 22 | H1063: NE | I1063: -7 | J1063: 51 | L1063: =TRUE() -> TRUE | M1063: =VLOOKUP(D1063,'Team Reference'!$A:$B,2,FALSE()) -> NE | N1063: =VLOOKUP(E1063,'Team Reference'!$A:$B,2,FALSE()) -> IND | O1063: =IF(F1063>G1063,M1063,IF(G1063>F1063,N1063,"Tie")) -> NE | P1063: =F1063-G1063 -> 21 | Q1063: =F1063+G1063 -> 65 | R1063: =IF(H1063=M1063,"Home",IF(H1063=N1063,"Away",IF(H1063="PICK","Pick","N/A"))) -> Home | S1063: =IF(R1063="Home",P1063,IF(R1063="Away",-P1063,"")) -> 21 | T1063: =IF(R1063="Pick","No Line",IF(S1063="","N/A",IF(S1063+I1063>0,"Favorite Covered",IF(S1063+I1063<0,"Underdog Covered","Push")))) -> Favorite Covered | U1063: =IF(Q1063>J1063,"Over",IF(Q1063<J1063,"Under","Push")) -> Over
A1064: 01/11/2014 | B1064: 2013 | C1064: Division | D1064: Seattle Seahawks | E1064: New Orleans Saints | F1064: 23 | G1064: 15 | H1064: SEA | I1064: -9 | J1064: 44.5 | L1064: =TRUE() -> TRUE | M1064: =VLOOKUP(D1064,'Team Reference'!$A:$B,2,FALSE()) -> SEA | N1064: =VLOOKUP(E1064,'Team Reference'!$A:$B,2,FALSE()) -> NO | O1064: =IF(F1064>G1064,M1064,IF(G1064>F1064,N1064,"Tie")) -> SEA | P1064: =F1064-G1064 -> 8 | Q1064: =F1064+G1064 -> 38 | R1064: =IF(H1064=M1064,"Home",IF(H1064=N1064,"Away",IF(H1064="PICK","Pick","N/A"))) -> Home | S1064: =IF(R1064="Home",P1064,IF(R1064="Away",-P1064,"")) -> 8 | T1064: =IF(R1064="Pick","No Line",IF(S1064="","N/A",IF(S1064+I1064>0,"Favorite Covered",IF(S1064+I1064<0,"Underdog Covered","Push")))) -> Underdog Covered | U1064: =IF(Q1064>J1064,"Over",IF(Q1064<J1064,"Under","Push")) -> Under
A1065: 01/12/2014 | B1065: 2013 | C1065: Division | D1065: Carolina Panthers | E1065: San Francisco 49ers | F1065: 10 | G1065: 23 | H1065: SF | I1065: -1 | J1065: 41.5 | K1065: Bank of America Stadium | L1065: =TRUE() -> TRUE | M1065: =VLOOKUP(D1065,'Team Reference'!$A:$B,2,FALSE()) -> CAR | N1065: =VLOOKUP(E1065,'Team Reference'!$A:$B,2,FALSE()) -> SF | O1065: =IF(F1065>G1065,M1065,IF(G1065>F1065,N1065,"Tie")) -> SF | P1065: =F1065-G1065 -> -13 | Q1065: =F1065+G1065 -> 33 | R1065: =IF(H1065=M1065,"Home",IF(H1065=N1065,"Away",IF(H1065="PICK","Pick","N/A"))) -> Away | S1065: =IF(R1065="Home",P1065,IF(R1065="Away",-P1065,"")) -> 13 | T1065: =IF(R1065="Pick","No Line",IF(S1065="","N/A",IF(S1065+I1065>0,"Favorite Covered",IF(S1065+I1065<0,"Underdog Covered","Push")))) -> Favorite Covered | U1065: =IF(Q1065>J1065,"Over",IF(Q1065<J1065,"Under","Push")) -> Under
A1066: 01/12/2014 | B1066: 2013 | C1066: Division | D1066: Denver Broncos | E1066: San Diego Chargers | F1066: 24 | G1066: 17 | H1066: DEN | I1066: -7.5 | J1066: 54.5 | L1066: =TRUE() -> TRUE | M1066: =VLOOKUP(D1066,'Team Reference'!$A:$B,2,FALSE()) -> DEN | N1066: =VLOOKUP(E1066,'Team Reference'!$A:$B,2,FALSE()) -> LAC | O1066: =IF(F1066>G1066,M1066,IF(G1066>F1066,N1066,"Tie")) -> DEN | P1066: =F1066-G1066 -> 7 | Q1066: =F1066+G1066 -> 41 | R1066: =IF(H1066=M1066,"Home",IF(H1066=N1066,"Away",IF(H1066="PICK","Pick","N/A"))) -> Home | S1066: =IF(R1066="Home",P1066,IF(R1066="Away",-P1066,"")) -> 7 | T1066: =IF(R1066="Pick","No Line",IF(S1066="","N/A",IF(S1066+I1066>0,"Favorite Covered",IF(S1066+I1066<0,"Underdog Covered","Push")))) -> Underdog Covered | U1066: =IF(Q1066>J1066,"Over",IF(Q1066<J1066,"Under","Push")) -> Under
A1067: 01/19/2014 | B1067: 2013 | C1067: Conference | D1067: Denver Broncos | E1067: New England Patriots | F1067: 26 | G1067: 16 | H1067: DEN | I1067: -5 | J1067: 57 | L1067: =TRUE() -> TRUE | M1067: =VLOOKUP(D1067,'Team Reference'!$A:$B,2,FALSE()) -> DEN | N1067: =VLOOKUP(E1067,'Team Reference'!$A:$B,2,FALSE()) -> NE | O1067: =IF(F1067>G1067,M1067,IF(G1067>F1067,N1067,"Tie")) -> DEN | P1067: =F1067-G1067 -> 10 | Q1067: =F1067+G1067 -> 42 | R1067: =IF(H1067=M1067,"Home",IF(H1067=N1067,"Away",IF(H1067="PICK","Pick","N/A"))) -> Home | S1067: =IF(R1067="Home",P1067,IF(R1067="Away",-P1067,"")) -> 10 | T1067: =IF(R1067="Pick","No Line",IF(S1067="","N/A",IF(S1067+I1067>0,"Favorite Covered",IF(S1067+I1067<0,"Underdog Covered","Push")))) -> Favorite Covered | U1067: =IF(Q1067>J1067,"Over",IF(Q1067<J1067,"Under","Push")) -> Under
A1068: 01/19/2014 | B1068: 2013 | C1068: Conference | D1068: Seattle Seahawks | E1068: San Francisco 49ers | F1068: 23 | G1068: 17 | H1068: SEA | I1068: -4 | J1068: 40.5 | L1068: =TRUE() -> TRUE | M1068: =VLOOKUP(D1068,'Team Reference'!$A:$B,2,FALSE()) -> SEA | N1068: =VLOOKUP(E1068,'Team Reference'!$A:$B,2,FALSE()) -> SF | O1068: =IF(F1068>G1068,M1068,IF(G1068>F1068,N1068,"Tie")) -> SEA | P1068: =F1068-G1068 -> 6 | Q1068: =F1068+G1068 -> 40 | R1068: =IF(H1068=M1068,"Home",IF(H1068=N1068,"Away",IF(H1068="PICK","Pick","N/A"))) -> Home | S1068: =IF(R1068="Home",P1068,IF(R1068="Away",-P1068,"")) -> 6 | T1068: =IF(R1068="Pick","No Line",IF(S1068="","N/A",IF(S1068+I1068>0,"Favorite Covered",IF(S1068+I1068<0,"Underdog Covered","Push")))) -> Favorite Covered | U1068: =IF(Q1068>J1068,"Over",IF(Q1068<J1068,"Under","Push")) -> Under
A1069: 02/02/2014 | B1069: 2013 | C1069: Superbowl | D1069: Denver Broncos | E1069: Seattle Seahawks | F1069: 8 | G1069: 43 | H1069: DEN | I1069: -2 | J1069: 47.5 | K1069: MetLife Stadium | L1069: =TRUE() -> TRUE | M1069: =VLOOKUP(D1069,'Team Reference'!$A:$B,2,FALSE()) -> DEN | N1069: =VLOOKUP(E1069,'Team Reference'!$A:$B,2,FALSE()) -> SEA | O1069: =IF(F1069>G1069,M1069,IF(G1069>F1069,N1069,"Tie")) -> SEA | P1069: =F1069-G1069 -> -35 | Q1069: =F1069+G1069 -> 51 | R1069: =IF(H1069=M1069,"Home",IF(H1069=N1069,"Away",IF(H1069="PICK","Pick","N/A"))) -> Home | S1069: =IF(R1069="Home",P1069,IF(R1069="Away",-P1069,"")) -> -35 | T1069: =IF(R1069="Pick","No Line",IF(S1069="","N/A",IF(S1069+I1069>0,"Favorite Covered",IF(S1069+I1069<0,"Underdog Covered","Push")))) -> Underdog Covered | U1069: =IF(Q1069>J1069,"Over",IF(Q1069<J1069,"Under","Push")) -> Over
A1070: 09/04/2014 | B1070: 2014 | C1070: 1 | D1070: Seattle Seahawks | E1070: Green Bay Packers | F1070: 36 | G1070: 16 | H1070: SEA | I1070: -5.5 | J1070: 46.5 | K1070: CenturyLink Field | L1070: =FALSE() -> FALSE | M1070: =VLOOKUP(D1070,'Team Reference'!$A:$B,2,FALSE()) -> SEA | N1070: =VLOOKUP(E1070,'Team Reference'!$A:$B,2,FALSE()) -> GB | O1070: =IF(F1070>G1070,M1070,IF(G1070>F1070,N1070,"Tie")) -> SEA | P1070: =F1070-G1070 -> 20 | Q1070: =F1070+G1070 -> 52 | R1070: =IF(H1070=M1070,"Home",IF(H1070=N1070,"Away",IF(H1070="PICK","Pick","N/A"))) -> Home | S1070: =IF(R1070="Home",P1070,IF(R1070="Away",-P1070,"")) -> 20 | T1070: =IF(R1070="Pick","No Line",IF(S1070="","N/A",IF(S1070+I1070>0,"Favorite Covered",IF(S1070+I1070<0,"Underdog Covered","Push")))) -> Favorite Covered | U1070: =IF(Q1070>J1070,"Over",IF(Q1070<J1070,"Under","Push")) -> Over
A1071: 09/07/2014 | B1071: 2014 | C1071: 1 | D1071: Atlanta Falcons | E1071: New Orleans Saints | F1071: 37 | G1071: 34 | H1071: NO | I1071: -3 | J1071: 52 | K1071: Georgia Dome | L1071: =FALSE() -> FALSE | M1071: =VLOOKUP(D1071,'Team Reference'!$A:$B,2,FALSE()) -> ATL | N1071: =VLOOKUP(E1071,'Team Reference'!$A:$B,2,FALSE()) -> NO | O1071: =IF(F1071>G1071,M1071,IF(G1071>F1071,N1071,"Tie")) -> ATL | P1071: =F1071-G1071 -> 3 | Q1071: =F1071+G1071 -> 71 | R1071: =IF(H1071=M1071,"Home",IF(H1071=N1071,"Away",IF(H1071="PICK","Pick","N/A"))) -> Away | S1071: =IF(R1071="Home",P1071,IF(R1071="Away",-P1071,"")) -> -3 | T1071: =IF(R1071="Pick","No Line",IF(S1071="","N/A",IF(S1071+I1071>0,"Favorite Covered",IF(S1071+I1071<0,"Underdog Covered","Push")))) -> Underdog Covered | U1071: =IF(Q1071>J1071,"Over",IF(Q1071<J1071,"Under","Push")) -> Over
A1072: 09/07/2014 | B1072: 2014 | C1072: 1 | D1072: Baltimore Ravens | E1072: Cincinnati Bengals | F1072: 16 | G1072: 23 | H1072: BAL | I1072: -1.5 | J1072: 42.5 | K1072: M&T Bank Stadium | L1072: =FALSE() -> FALSE | M1072: =VLOOKUP(D1072,'Team Reference'!$A:$B,2,FALSE()) -> BAL | N1072: =VLOOKUP(E1072,'Team Reference'!$A:$B,2,FALSE()) -> CIN | O1072: =IF(F1072>G1072,M1072,IF(G1072>F1072,N1072,"Tie")) -> CIN | P1072: =F1072-G1072 -> -7 | Q1072: =F1072+G1072 -> 39 | R1072: =IF(H1072=M1072,"Home",IF(H1072=N1072,"Away",IF(H1072="PICK","Pick","N/A"))) -> Home | S1072: =IF(R1072="Home",P1072,IF(R1072="Away",-P1072,"")) -> -7 | T1072: =IF(R1072="Pick","No Line",IF(S1072="","N/A",IF(S1072+I1072>0,"Favorite Covered",IF(S1072+I1072<0,"Underdog Covered","Push")))) -> Underdog Covered | U1072: =IF(Q1072>J1072,"Over",IF(Q1072<J1072,"Under","Push")) -> Under
...

Sheet Team Performance Summary
A1: TEAM PERFORMANCE SUMMARY (2010-2017)
A2: Aggregated by franchise abbreviation, so relocated franchises (Rams, Chargers) show one combined record.
A4: Team | B4: Games | C4: Wins | D4: Win % | E4: Avg Home Margin | F4: Times Favored | G4: Covers When Favored | H4: Cover Rate When Favored
A5: ARI | B5: =COUNTIF('Raw Data'!$M:$M,$A5)+COUNTIF('Raw Data'!$N:$N,$A5) -> 131 | C5: =COUNTIF('Raw Data'!$O:$O,$A5) -> 68 | D5: =IF(B5=0,0,C5/B5) -> 0.51908397 | E5: =IFERROR(AVERAGEIF('Raw Data'!$M:$M,$A5,'Raw Data'!$P:$P),"N/A") -> 3.4923077 | F5: =COUNTIFS('Raw Data'!$M:$M,$A5,'Raw Data'!$R:$R,"Home")+COUNTIFS('Raw Data'!$N:$N,$A5,'Raw Data'!$R:$R,"Away") -> 65 | G5: =COUNTIFS('Raw Data'!$M:$M,$A5,'Raw Data'!$R:$R,"Home",'Raw Data'!$T:$T,"Favorite Covered")+COUNTIFS('Raw Data'!$N:$N,$A5,'Raw Data'!$R:$R,"Away",'Raw Data'!$T:$T,"Favorite Covered") -> 28 | H5: =IF(F5=0,"N/A",G5/F5) -> 0.43076923
A6: ATL | B6: =COUNTIF('Raw Data'!$M:$M,$A6)+COUNTIF('Raw Data'!$N:$N,$A6) -> 137 | C6: =COUNTIF('Raw Data'!$O:$O,$A6) -> 79 | D6: =IF(B6=0,0,C6/B6) -> 0.57664234 | E6: =IFERROR(AVERAGEIF('Raw Data'!$M:$M,$A6,'Raw Data'!$P:$P),"N/A") -> 4.6376812 | F6: =COUNTIFS('Raw Data'!$M:$M,$A6,'Raw Data'!$R:$R,"Home")+COUNTIFS('Raw Data'!$N:$N,$A6,'Raw Data'!$R:$R,"Away") -> 88 | G6: =COUNTIFS('Raw Data'!$M:$M,$A6,'Raw Data'!$R:$R,"Home",'Raw Data'!$T:$T,"Favorite Covered")+COUNTIFS('Raw Data'!$N:$N,$A6,'Raw Data'!$R:$R,"Away",'Raw Data'!$T:$T,"Favorite Covered") -> 40 | H6: =IF(F6=0,"N/A",G6/F6) -> 0.45454545
A7: BAL | B7: =COUNTIF('Raw Data'!$M:$M,$A7)+COUNTIF('Raw Data'!$N:$N,$A7) -> 138 | C7: =COUNTIF('Raw Data'!$O:$O,$A7) -> 81 | D7: =IF(B7=0,0,C7/B7) -> 0.58695652 | E7: =IFERROR(AVERAGEIF('Raw Data'!$M:$M,$A7,'Raw Data'!$P:$P),"N/A") -> 6.7878788 | F7: =COUNTIFS('Raw Data'!$M:$M,$A7,'Raw Data'!$R:$R,"Home")+COUNTIFS('Raw Data'!$N:$N,$A7,'Raw Data'!$R:$R,"Away") -> 81 | G7: =COUNTIFS('Raw Data'!$M:$M,$A7,'Raw Data'!$R:$R,"Home",'Raw Data'!$T:$T,"Favorite Covered")+COUNTIFS('Raw Data'!$N:$N,$A7,'Raw Data'!$R:$R,"Away",'Raw Data'!$T:$T,"Favorite Covered") -> 34 | H7: =IF(F7=0,"N/A",G7/F7) -> 0.41975309
A8: BUF | B8: =COUNTIF('Raw Data'!$M:$M,$A8)+COUNTIF('Raw Data'!$N:$N,$A8) -> 129 | C8: =COUNTIF('Raw Data'!$O:$O,$A8) -> 55 | D8: =IF(B8=0,0,C8/B8) -> 0.42635659 | E8: =IFERROR(AVERAGEIF('Raw Data'!$M:$M,$A8,'Raw Data'!$P:$P),"N/A") -> 1.484375 | F8: =COUNTIFS('Raw Data'!$M:$M,$A8,'Raw Data'!$R:$R,"Home")+COUNTIFS('Raw Data'!$N:$N,$A8,'Raw Data'!$R:$R,"Away") -> 46 | G8: =COUNTIFS('Raw Data'!$M:$M,$A8,'Raw Data'!$R:$R,"Home",'Raw Data'!$T:$T,"Favorite Covered")+COUNTIFS('Raw Data'!$N:$N,$A8,'Raw Data'!$R:$R,"Away",'Raw Data'!$T:$T,"Favorite Covered") -> 21 | H8: =IF(F8=0,"N/A",G8/F8) -> 0.45652174
A9: CAR | B9: =COUNTIF('Raw Data'!$M:$M,$A9)+COUNTIF('Raw Data'!$N:$N,$A9) -> 135 | C9: =COUNTIF('Raw Data'!$O:$O,$A9) -> 69 | D9: =IF(B9=0,0,C9/B9) -> 0.51111111 | E9: =IFERROR(AVERAGEIF('Raw Data'!$M:$M,$A9,'Raw Data'!$P:$P),"N/A") -> 2.2941176 | F9: =COUNTIFS('Raw Data'!$M:$M,$A9,'Raw Data'!$R:$R,"Home")+COUNTIFS('Raw Data'!$N:$N,$A9,'Raw Data'!$R:$R,"Away") -> 75 | G9: =COUNTIFS('Raw Data'!$M:$M,$A9,'Raw Data'!$R:$R,"Home",'Raw Data'!$T:$T,"Favorite Covered")+COUNTIFS('Raw Data'!$N:$N,$A9,'Raw Data'!$R:$R,"Away",'Raw Data'!$T:$T,"Favorite Covered") -> 35 | H9: =IF(F9=0,"N/A",G9/F9) -> 0.46666667
A10: CHI | B10: =COUNTIF('Raw Data'!$M:$M,$A10)+COUNTIF('Raw Data'!$N:$N,$A10) -> 130 | C10: =COUNTIF('Raw Data'!$O:$O,$A10) -> 57 | D10: =IF(B10=0,0,C10/B10) -> 0.43846154 | E10: =IFERROR(AVERAGEIF('Raw Data'!$M:$M,$A10,'Raw Data'!$P:$P),"N/A") -> 0.03030303 | F10: =COUNTIFS('Raw Data'!$M:$M,$A10,'Raw Data'!$R:$R,"Home")+COUNTIFS('Raw Data'!$N:$N,$A10,'Raw Data'!$R:$R,"Away") -> 55 | G10: =COUNTIFS('Raw Data'!$M:$M,$A10,'Raw Data'!$R:$R,"Home",'Raw Data'!$T:$T,"Favorite Covered")+COUNTIFS('Raw Data'!$N:$N,$A10,'Raw Data'!$R:$R,"Away",'Raw Data'!$T:$T,"Favorite Covered") -> 19 | H10: =IF(F10=0,"N/A",G10/F10) -> 0.34545455
A11: CIN | B11: =COUNTIF('Raw Data'!$M:$M,$A11)+COUNTIF('Raw Data'!$N:$N,$A11) -> 133 | C11: =COUNTIF('Raw Data'!$O:$O,$A11) -> 69 | D11: =IF(B11=0,0,C11/B11) -> 0.51879699 | E11: =IFERROR(AVERAGEIF('Raw Data'!$M:$M,$A11,'Raw Data'!$P:$P),"N/A") -> 3.6212121 | F11: =COUNTIFS('Raw Data'!$M:$M,$A11,'Raw Data'!$R:$R,"Home")+COUNTIFS('Raw Data'!$N:$N,$A11,'Raw Data'!$R:$R,"Away") -> 69 | G11: =COUNTIFS('Raw Data'!$M:$M,$A11,'Raw Data'!$R:$R,"Home",'Raw Data'!$T:$T,"Favorite Covered")+COUNTIFS('Raw Data'!$N:$N,$A11,'Raw Data'!$R:$R,"Away",'Raw Data'!$T:$T,"Favorite Covered") -> 35 | H11: =IF(F11=0,"N/A",G11/F11) -> 0.50724638
A12: CLE | B12: =COUNTIF('Raw Data'!$M:$M,$A12)+COUNTIF('Raw Data'!$N:$N,$A12) -> 128 | C12: =COUNTIF('Raw Data'!$O:$O,$A12) -> 29 | D12: =IF(B12=0,0,C12/B12) -> 0.2265625 | E12: =IFERROR(AVERAGEIF('Raw Data'!$M:$M,$A12,'Raw Data'!$P:$P),"N/A") -> -5.265625 | F12: =COUNTIFS('Raw Data'!$M:$M,$A12,'Raw Data'!$R:$R,"Home")+COUNTIFS('Raw Data'!$N:$N,$A12,'Raw Data'!$R:$R,"Away") -> 27 | G12: =COUNTIFS('Raw Data'!$M:$M,$A12,'Raw Data'!$R:$R,"Home",'Raw Data'!$T:$T,"Favorite Covered")+COUNTIFS('Raw Data'!$N:$N,$A12,'Raw Data'!$R:$R,"Away",'Raw Data'!$T:$T,"Favorite Covered") -> 7 | H12: =IF(F12=0,"N/A",G12/F12) -> 0.25925926
A13: DAL | B13: =COUNTIF('Raw Data'!$M:$M,$A13)+COUNTIF('Raw Data'!$N:$N,$A13) -> 131 | C13: =COUNTIF('Raw Data'!$O:$O,$A13) -> 69 | D13: =IF(B13=0,0,C13/B13) -> 0.52671756 | E13: =IFERROR(AVERAGEIF('Raw Data'!$M:$M,$A13,'Raw Data'!$P:$P),"N/A") -> 1.1060606 | F13: =COUNTIFS('Raw Data'!$M:$M,$A13,'Raw Data'!$R:$R,"Home")+COUNTIFS('Raw Data'!$N:$N,$A13,'Raw Data'!$R:$R,"Away") -> 68 | G13: =COUNTIFS('Raw Data'!$M:$M,$A13,'Raw Data'!$R:$R,"Home",'Raw Data'!$T:$T,"Favorite Covered")+COUNTIFS('Raw Data'!$N:$N,$A13,'Raw Data'!$R:$R,"Away",'Raw Data'!$T:$T,"Favorite Covered") -> 26 | H13: =IF(F13=0,"N/A",G13/F13) -> 0.38235294
A14: DEN | B14: =COUNTIF('Raw Data'!$M:$M,$A14)+COUNTIF('Raw Data'!$N:$N,$A14) -> 138 | C14: =COUNTIF('Raw Data'!$O:$O,$A14) -> 82 | D14: =IF(B14=0,0,C14/B14) -> 0.5942029 | E14: =IFERROR(AVERAGEIF('Raw Data'!$M:$M,$A14,'Raw Data'!$P:$P),"N/A") -> 4.9863014 | F14: =COUNTIFS('Raw Data'!$M:$M,$A14,'Raw Data'!$R:$R,"Home")+COUNTIFS('Raw Data'!$N:$N,$A14,'Raw Data'!$R:$R,"Away") -> 76 | G14: =COUNTIFS('Raw Data'!$M:$M,$A14,'Raw Data'!$R:$R,"Home",'Raw Data'!$T:$T,"Favorite Covered")+COUNTIFS('Raw Data'!$N:$N,$A14,'Raw Data'!$R:$R,"Away",'Raw Data'!$T:$T,"Favorite Covered") -> 35 | H14: =IF(F14=0,"N/A",G14/F14) -> 0.46052632
A15: DET | B15: =COUNTIF('Raw Data'!$M:$M,$A15)+COUNTIF('Raw Data'!$N:$N,$A15) -> 131 | C15: =COUNTIF('Raw Data'!$O:$O,$A15) -> 63 | D15: =IF(B15=0,0,C15/B15) -> 0.48091603 | E15: =IFERROR(AVERAGEIF('Raw Data'!$M:$M,$A15,'Raw Data'!$P:$P),"N/A") -> 3.9375 | F15: =COUNTIFS('Raw Data'!$M:$M,$A15,'Raw Data'!$R:$R,"Home")+COUNTIFS('Raw Data'!$N:$N,$A15,'Raw Data'!$R:$R,"Away") -> 61 | G15: =COUNTIFS('Raw Data'!$M:$M,$A15,'Raw Data'!$R:$R,"Home",'Raw Data'!$T:$T,"Favorite Covered")+COUNTIFS('Raw Data'!$N:$N,$A15,'Raw Data'!$R:$R,"Away",'Raw Data'!$T:$T,"Favorite Covered") -> 28 | H15: =IF(F15=0,"N/A",G15/F15) -> 0.45901639
A16: GB | B16: =COUNTIF('Raw Data'!$M:$M,$A16)+COUNTIF('Raw Data'!$N:$N,$A16) -> 143 | C16: =COUNTIF('Raw Data'!$O:$O,$A16) -> 92 | D16: =IF(B16=0,0,C16/B16) -> 0.64335664 | E16: =IFERROR(AVERAGEIF('Raw Data'!$M:$M,$A16,'Raw Data'!$P:$P),"N/A") -> 9.3857143 | F16: =COUNTIFS('Raw Data'!$M:$M,$A16,'Raw Data'!$R:$R,"Home")+COUNTIFS('Raw Data'!$N:$N,$A16,'Raw Data'!$R:$R,"Away") -> 93 | G16: =COUNTIFS('Raw Data'!$M:$M,$A16,'Raw Data'!$R:$R,"Home",'Raw Data'!$T:$T,"Favorite Covered")+COUNTIFS('Raw Data'!$N:$N,$A16,'Raw Data'!$R:$R,"Away",'Raw Data'!$T:$T,"Favorite Covered") -> 52 | H16: =IF(F16=0,"N/A",G16/F16) -> 0.55913978
... A36: WAS | B36: =COUNTIF('Raw Data'!$M:$M,$A36)+COUNTIF('Raw Data'!$N:$N,$A36) -> 130 | C36: =COUNTIF('Raw Data'!$O:$O,$A36) -> 52 | D36: =IF(B36=0,0,C36/B36) -> 0.4 | E36: =IFERROR(AVERAGEIF('Raw Data'!$M:$M,$A36,'Raw Data'!$P:$P),"N/A") -> -2.1363636 | F36: =COUNTIFS('Raw Data'!$M:$M,$A36,'Raw Data'!$R:$R,"Home")+COUNTIFS('Raw Data'!$N:$N,$A36,'Raw Data'!$R:$R,"Away") -> 43 | G36: =COUNTIFS('Raw Data'!$M:$M,$A36,'Raw Data'!$R:$R,"Home",'Raw Data'!$T:$T,"Favorite Covered")+COUNTIFS('Raw Data'!$N:$N,$A36,'Raw Data'!$R:$R,"Away",'Raw Data'!$T:$T,"Favorite Covered") -> 14 | H36: =IF(F36=0,"N/A",G36/F36) -> 0.3255814

Sheet Trends by Season
A1: BETTING TRENDS BY SEASON
A2: Over/Under and against-the-spread outcomes, season by season.
A4: Season | B4: Games | C4: Over Count | D4: Over Rate | E4: Favorite Covers | F4: Decided ATS Games | G4: Favorite Cover Rate | I4: Filter
A5: 2010 | B5: =COUNTIF('Raw Data'!$B:$B,$A5) -> 267 | C5: =COUNTIFS('Raw Data'!$B:$B,$A5,'Raw Data'!$U:$U,"Over") -> 146 | D5: =IF(B5=0,0,C5/B5) -> 0.54681648 | E5: =COUNTIFS('Raw Data'!$B:$B,$A5,'Raw Data'!$T:$T,"Favorite Covered") -> 125 | F5: =COUNTIFS('Raw Data'!$B:$B,$A5,'Raw Data'!$T:$T,"Favorite Covered")+COUNTIFS('Raw Data'!$B:$B,$A5,'Raw Data'!$T:$T,"Underdog Covered") -> 257 | G5: =IF(F5=0,0,E5/F5) -> 0.48638132
A6: 2011 | B6: =COUNTIF('Raw Data'!$B:$B,$A6) -> 267 | C6: =COUNTIFS('Raw Data'!$B:$B,$A6,'Raw Data'!$U:$U,"Over") -> 130 | D6: =IF(B6=0,0,C6/B6) -> 0.48689139 | E6: =COUNTIFS('Raw Data'!$B:$B,$A6,'Raw Data'!$T:$T,"Favorite Covered") -> 121 | F6: =COUNTIFS('Raw Data'!$B:$B,$A6,'Raw Data'!$T:$T,"Favorite Covered")+COUNTIFS('Raw Data'!$B:$B,$A6,'Raw Data'!$T:$T,"Underdog Covered") -> 257 | G6: =IF(F6=0,0,E6/F6) -> 0.47081712 | I6: Count - Date | J6: OUResult
A7: 2012 | B7: =COUNTIF('Raw Data'!$B:$B,$A7) -> 267 | C7: =COUNTIFS('Raw Data'!$B:$B,$A7,'Raw Data'!$U:$U,"Over") -> 129 | D7: =IF(B7=0,0,C7/B7) -> 0.48314607 | E7: =COUNTIFS('Raw Data'!$B:$B,$A7,'Raw Data'!$T:$T,"Favorite Covered") -> 124 | F7: =COUNTIFS('Raw Data'!$B:$B,$A7,'Raw Data'!$T:$T,"Favorite Covered")+COUNTIFS('Raw Data'!$B:$B,$A7,'Raw Data'!$T:$T,"Underdog Covered") -> 261 | G7: =IF(F7=0,0,E7/F7) -> 0.47509579 | I7: Season | J7: Over | K7: Push | L7: Under | M7: Total Result
A8: 2013 | B8: =COUNTIF('Raw Data'!$B:$B,$A8) -> 267 | C8: =COUNTIFS('Raw Data'!$B:$B,$A8,'Raw Data'!$U:$U,"Over") -> 133 | D8: =IF(B8=0,0,C8/B8) -> 0.49812734 | E8: =COUNTIFS('Raw Data'!$B:$B,$A8,'Raw Data'!$T:$T,"Favorite Covered") -> 129 | F8: =COUNTIFS('Raw Data'!$B:$B,$A8,'Raw Data'!$T:$T,"Favorite Covered")+COUNTIFS('Raw Data'!$B:$B,$A8,'Raw Data'!$T:$T,"Underdog Covered") -> 255 | G8: =IF(F8=0,0,E8/F8) -> 0.50588235 | I8: 2010 | J8: 146 | K8: 4 | L8: 117 | M8: 267
A9: 2014 | B9: =COUNTIF('Raw Data'!$B:$B,$A9) -> 267 | C9: =COUNTIFS('Raw Data'!$B:$B,$A9,'Raw Data'!$U:$U,"Over") -> 123 | D9: =IF(B9=0,0,C9/B9) -> 0.46067416 | E9: =COUNTIFS('Raw Data'!$B:$B,$A9,'Raw Data'!$T:$T,"Favorite Covered") -> 67 | F9: =COUNTIFS('Raw Data'!$B:$B,$A9,'Raw Data'!$T:$T,"Favorite Covered")+COUNTIFS('Raw Data'!$B:$B,$A9,'Raw Data'!$T:$T,"Underdog Covered") -> 259 | G9: =IF(F9=0,0,E9/F9) -> 0.25868726 | I9: 2011 | J9: 130 | K9: 5 | L9: 132 | M9: 267
A10: 2015 | B10: =COUNTIF('Raw Data'!$B:$B,$A10) -> 267 | C10: =COUNTIFS('Raw Data'!$B:$B,$A10,'Raw Data'!$U:$U,"Over") -> 124 | D10: =IF(B10=0,0,C10/B10) -> 0.46441948 | E10: =COUNTIFS('Raw Data'!$B:$B,$A10,'Raw Data'!$T:$T,"Favorite Covered") -> 113 | F10: =COUNTIFS('Raw Data'!$B:$B,$A10,'Raw Data'!$T:$T,"Favorite Covered")+COUNTIFS('Raw Data'!$B:$B,$A10,'Raw Data'!$T:$T,"Underdog Covered") -> 253 | G10: =IF(F10=0,0,E10/F10) -> 0.44664032 | I10: 2012 | J10: 129 | K10: 5 | L10: 133 | M10: 267
A11: 2016 | B11: =COUNTIF('Raw Data'!$B:$B,$A11) -> 267 | C11: =COUNTIFS('Raw Data'!$B:$B,$A11,'Raw Data'!$U:$U,"Over") -> 140 | D11: =IF(B11=0,0,C11/B11) -> 0.52434457 | E11: =COUNTIFS('Raw Data'!$B:$B,$A11,'Raw Data'!$T:$T,"Favorite Covered") -> 137 | F11: =COUNTIFS('Raw Data'!$B:$B,$A11,'Raw Data'!$T:$T,"Favorite Covered")+COUNTIFS('Raw Data'!$B:$B,$A11,'Raw Data'!$T:$T,"Underdog Covered") -> 257 | G11: =IF(F11=0,0,E11/F11) -> 0.53307393 | I11: 2013 | J11: 133 | K11: 6 | L11: 128 | M11: 267
A12: 2017 | B12: =COUNTIF('Raw Data'!$B:$B,$A12) -> 267 | C12: =COUNTIFS('Raw Data'!$B:$B,$A12,'Raw Data'!$U:$U,"Over") -> 121 | D12: =IF(B12=0,0,C12/B12) -> 0.45318352 | E12: =COUNTIFS('Raw Data'!$B:$B,$A12,'Raw Data'!$T:$T,"Favorite Covered") -> 128 | F12: =COUNTIFS('Raw Data'!$B:$B,$A12,'Raw Data'!$T:$T,"Favorite Covered")+COUNTIFS('Raw Data'!$B:$B,$A12,'Raw Data'!$T:$T,"Underdog Covered") -> 254 | G12: =IF(F12=0,0,E12/F12) -> 0.50393701 | I12: 2014 | J12: 123 | K12: 4 | L12: 140 | M12: 267
I13: 2015 | J13: 124 | K13: 4 | L13: 139 | M13: 267
I14: 2016 | J14: 140 | K14: 5 | L14: 122 | M14: 267
I15: 2017 | J15: 121 | K15: 1 | L15: 145 | M15: 267
I16: Total Result | J16: 1046 | K16: 34 | L16: 1056 | M16: 2136
